Workbook
Name Descuento: [1]Hoja1!$A$1:$A$2
Name nomSubProceso: [2]!tdSubProceso[SubProceso]

Sheet atributos CONSULTA
A1: ESPECIALIDAD | B1: % CONSULTA NUEVA ESPERADO | C1: % ALTAS ESPERADO | D1: % NSP
A2: Pediatría | B2: >33% | C2: >14% | D2: <12%
A3: Medicina Interna | B3: >40% | C3: >14% | D3: <12%
A4: Neonatología
A5: Enfermedad Respiratoria Pediátrica (Broncopulmonar Infantil)
A6: Enfermedad Respiratoria de Adulto (Broncopulmonar)
A7: Cardiología
A8: Mastología | B8: >20% | C8: z5% | D8: <12%
A9: Endocrinología Pediátrica | B9: >25% | C9: >7% | D9: <12%
A10: Endocrinología Adulto
A11: Gastroenterología Pediátrica
A12: Gastroenterología Adulto | B12: >40% | C12: >10% | D12: <12%
A13: Genética Clínica
A14: Hematología
A15: Medicina del adolescente
A16: Nefrología Pediátrica
A17: Nefrología Adulto
A18: Nutrición clínica
A19: Medicina Materno Infantil
A20: Reumatología
A21: Medicina Paliativa y de Manejo del Dolor
A22: Dermatología | B22: >45% | C22: >18% | D22: <12%
A23: Infectología
A24: Inmunología | B24: >25% | C24: >5% | D24: <12%
A25: Geriatría
A26: Medicina Física y Rehabilitación
A27: Medicina Reproductiva e Infertilidad
A28: Neurología Pediátrica | B28: >33% | C28: >10% | D28: <12%
A29: Neurología Adulto | B29: >33% | C29: >14% | D29: <12%
A30: Oncología Médica
A31: Psiquiatría Pediátrica y de La Adolescencia | B31: >20% | C31: >10% | D31: <12%
A32: Psiquiatría Adulto | B32: >20% | C32: >10% | D32: <12%
A33: Cirugía Pediátrica | B33: >40% | C33: >25% | D33: <12%
A34: Cirugía General | B34: >45% | C34: >18% | D34: <12%
A35: Cirugía Digestiva (Alta) | B35: >45% | C35: >18% | D35: <12%
A36: Cirugía de Cabeza, Cuello y Maxilofacial
A37: Cirugía Plástica y Reparadora
A38: Medicina del Deporte
A39: Coloproctología (Cirugía Digestiva Baja) | B39: >45% | C39: >14% | D39: <12%
A40: Cirugía Tórax
A41: Cirugía Vascular Periférica
A42: Neurocirugía
A43: Cirugía Cardiovascular
A44: Anestesiología | B44: >75% | C44: >70% | D44: <12%
A45: Obstetricia y Ginecología | B45: >40% | C45: >14% | D45: <12%
A46: Ginecología oncológica
A47: Neurorradiologia
A48: Oftalmología | B48: >45% | C48: >18% | D48: <12%
A49: Otorrinolaringología | B49: >45% | C49: >18% | D49: <12%
A50: Traumatología y Ortopedia | B50: >40% | C50: >14% | D50: <12%
A51: Urología | B51: >40% | C51: >10% | D51: <12%
A52: Medicina Familiar | B52: >33% | C52: >14% | D52: <12%
A53: Diabetología
A54: Medicina Nuclear (Excluye Informes)
A55: Imagenología
A56: Radioterapia Oncológica

Sheet 6,2 NO GES ONCO
A1: N° COMGES | B1: INDICADOR | C1: N° INDICADOR | D1: MES | E1: NUMERADOR | F1: DENOMINADOR | G1: Resultado indicador
D2: 45658 | G2: =E2/F2 -> #DIV/0!
D3: 45689 | G3: =E3/F3 -> #DIV/0!
D4: 45717 | G4: =E4/F4 -> #DIV/0! | I4: 29 | J4: 0
D5: 45748 | G5: =E5/F5 -> #DIV/0! | I5: 0 | J5: 2
D6: 45778 | E6: 45 | F6: 47 | G6: =E6/F6 -> 0.95744681 | I6: 16
D7: 45809 | G7: =E7/F7 -> #DIV/0!
D8: 45839 | G8: =E8/F8 -> #DIV/0! | I8: =SUM(I4:I7) -> 45 | J8: =SUM(J4:J7) -> 2 | K8: =SUM(I8:J8) -> 47
D9: 45870 | G9: =E9/F9 -> #DIV/0!
D10: 45901 | G10: =E10/F10 -> #DIV/0!
D11: 45931 | G11: =E11/F11 -> #DIV/0!
D12: 45962 | G12: =E12/F12 -> #DIV/0!
D13: 45992 | G13: =E13/F13 -> #DIV/0!
D14: TOTAL AÑO | E14: =SUM(E2:E13) -> 45 | F14: =SUM(F2:F13) -> 47 | G14: =E14/F14 -> 0.95744681

Sheet 6,1 CUMPLIMIENTO GES ONCO
A1: N° COMGES | B1: INDICADOR | C1: N° INDICADOR | D1: MES | E1: NUMERADOR | F1: DENOMINADOR | G1: Resultado indicador
D2: 46023 | E2: 152 | F2: 160 | G2: =IFERROR(E2/F2,"") -> 0.95
D3: 46054 | E3: 187 | F3: 199 | G3: =IFERROR(E3/F3,"") -> 0.93969849
D4: 46082 | E4: 208 | F4: 258 | G4: =IFERROR(E4/F4,"") -> 0.80620155
D5: 46113 | E5: 208 | F5: 285 | G5: =IFERROR(E5/F5,"") -> 0.72982456
D6: 46143 | E6: 361 | F6: 431 | G6: =IFERROR(E6/F6,"") -> 0.83758701
D7: 46174 | E7: 354 | F7: 452 | G7: =IFERROR(E7/F7,"") -> 0.78318584
D8: 46204 | G8: =IFERROR(E8/F8,"")
D9: 46235 | G9: =IFERROR(E9/F9,"")
D10: 46266 | G10: =IFERROR(E10/F10,"")
D11: 46296 | G11: =IFERROR(E11/F11,"")
D12: 46327 | G12: =IFERROR(E12/F12,"")
D13: 46357 | G13: =IFERROR(E13/F13,"")
D14: TOTAL AÑO | E14: =E7 -> 354 | F14: =F7 -> 452 | G14: =G7 -> 0.78318584

Sheet 5,2 SUPERV ECPRI
A1: N° INDICADOR | B1: MES | C1: ECPRI SUPERVISADOS | D1: ECPRI REPORTADOS | E1: Meta | F1: Resultado indicador
A2: 5.2 | B2: 46023 | C2: 0 | D2: 0 | E2: >80% | F2: =C2/D2 -> #DIV/0!
A3: 5.2 | B3: 46054 | C3: 0 | D3: 0 | E3: >80% | F3: =C3/D3 -> #DIV/0!
A4: 5.2 | B4: 46082 | C4: 0 | D4: 0 | E4: >80% | F4: =C4/D4 -> #DIV/0!
A5: 5.2 | B5: 46113 | C5: 0 | D5: 0 | E5: >80% | F5: =C5/D5 -> #DIV/0!
A6: 5.2 | B6: 46143 | C6: 0 | D6: 0 | E6: >80% | F6: =C6/D6 -> #DIV/0!
A7: 5.2 | B7: 46174 | C7: 0 | D7: 0 | E7: >80% | F7: =C7/D7 -> #DIV/0!
A8: 5.2 | B8: 46204 | C8: 0 | D8: 0 | E8: >80% | F8: =C8/D8 -> #DIV/0!
A9: 5.2 | B9: 46235 | E9: >80% | F9: =C9/D9 -> #DIV/0!
A10: 5.2 | B10: 46266 | E10: >80% | F10: =C10/D10 -> #DIV/0!
A11: 5.2 | B11: 46296 | E11: >80% | F11: =C11/D11 -> #DIV/0!
A12: 5.2 | B12: 46327 | E12: >80% | F12: =C12/D12 -> #DIV/0!
A13: 5.2 | B13: 46357 | E13: >80% | F13: =C13/D13 -> #DIV/0!
A14: 5.2 | B14: TOTAL AÑO | C14: =SUM(C2:C13) -> 0 | D14: =SUM(D2:D13) -> 0 | E14: >80% | F14: =C14/D14 -> #DIV/0!

Sheet 4,7 PROCED DISCIPLINARIOS
A1: 4,7 Procedimientos disciplinarios por violencia, acoso laboral y sexual cerrados en los plazos estipulados por ley
A2: META:50%
A3: MES | B3: Número de procedimientos VALS cerrados en plazo legal | C3: Número total de procedimientos VALS | D3: Meta | E3: Resultado indicador
A4: 46023 | D4: =B4/C4 -> #DIV/0! | E4: =B4/C4 -> #DIV/0!
A5: 46054 | E5: =B5/C5 -> #DIV/0!
A6: 46082 | E6: =B6/C6 -> #DIV/0!
A7: 46113 | E7: =B7/C7 -> #DIV/0!
A8: 46143 | E8: =B8/C8 -> #DIV/0!
A9: 46174 | E9: =B9/C9 -> #DIV/0!
A10: 46204 | E10: =B10/C10 -> #DIV/0!
A11: 46235 | E11: =B11/C11 -> #DIV/0!
A12: 46266 | E12: =B12/C12 -> #DIV/0!
A13: 46296 | E13: =B13/C13 -> #DIV/0!
A14: 46327 | E14: =B14/C14 -> #DIV/0!
A15: 46357 | E15: =B15/C15 -> #DIV/0!
A16: TOTAL AÑO | B16: =SUM(B4:B15) -> 0 | C16: =SUM(C4:C15) -> 0 | E16: =B16/C16 -> #DIV/0!

Sheet 4,6 IND AUSENTISMO
A1: MES | B1: INDICE AUSENTISMO 2025 | C1: INDICE AUSENTISMO 2026 | D1: VARIACION | E1: META
A2: 46023 | E2: DISMINUIR O MANTENER 21,2
A3: 46054
A4: 46082
A5: 46113
A6: 46143 | B6: 10.2 | C6: 8.1 | D6: =C6-B6 -> -2.1
A7: 46174 | D7: =C7-B7 -> 0
A8: 46204 | D8: =C8-B8 -> 0
A9: 46235 | D9: =C9-B9 -> 0
A10: 46266 | D10: =C10-B10 -> 0
A11: 46296 | D11: =C11-B11 -> 0
A12: 46327 | D12: =C12-B12 -> 0
A13: 46357 | D13: =C13-B13 -> 0
A14: TOTAL AÑO | D14: =C14-B14 -> 0
A15: 4,6 Indice de ausentismo laboral por Licencia medica curativa
A16: META:

Sheet 4,5 GASTO PERSONAS NATURALES 
A1: MES | B1: GASTO CONVENIO PERSONAS NATURALES | C1: GLOSA CONVENIO PERSONAS NATURALES | D1: Meta | E1: Resultado indicador
A2: 46023 | D2: <1 | E2: =IFERROR(B2/C2,"")
A3: 46054 | E3: =IFERROR(B3/C3,"")
A4: 46082 | B4: 3223649 | C4: 3876000 | E4: =IFERROR(B4/C4,"") -> 0.83169479
A5: 46113 | E5: =IFERROR(B5/C5,"")
A6: 46143 | E6: =IFERROR(B6/C6,"")
A7: 46174 | E7: =IFERROR(B7/C7,"")
A8: 46204 | E8: =IFERROR(B8/C8,"")
A9: 46235 | E9: =IFERROR(B9/C9,"")
A10: 46266 | E10: =IFERROR(B10/C10,"")
A11: 46296 | E11: =IFERROR(B11/C11,"")
A12: 46327 | E12: =IFERROR(B12/C12,"")
A13: 46357 | E13: =IFERROR(B13/C13,"")
A14: TOTAL AÑO | B14: =SUM(B2:B13) -> 3223649 | C14: =SUM(C2:C13) -> 3876000 | E14: =IFERROR(B14/C14,"") -> 0.83169479

Sheet 4,4 GESTION DE DESASTRES
A1: 4,4 Hospitales con implementación de Gestión de Riesgo de Desastres
A2: META: 66,6%
A3: 2 de 3 de las siguientes acciones: | C3: 45809 | D3: 45839 | E3: 45870 | F3: 45901 | G3: 45931 | H3: 45962 | I3: 45992
A4: 1. | B4: Hospitales con Plan de Telecomunicaciones de emergencia actualizado | J4: en proceso
A5: 2. | B5: Encargados de gestión del riesgo con acceso a Módulo de Emergencia MIDAS | E5: cumplido
A6: 3. | B6: Hospitales con fichas de capacidades identificadas y actualizadas | E6: cumplido
A8: Requisito: Cumplir con el 100% de las siguientes 2 acciones tanto en el Servicio de Salud como en los hospitales. | C8: 45809 | D8: 45839 | E8: 45870 | F8: 45901 | G8: 45931 | H8: 45962 | I8: 45992
A9: 1. | B9: Servicios de Salud y Hospitales con Encargado de Gestión del Riesgo de Desastre | E9: cumplido
A10: 2. | B10: Servicios de Salud y Hospitales con Plan de Respuesta actualizado | E10: cumplido
B12: Verificables
B13: Las acciones solicitadas son para verificar el nivel de compromiso con la GRD en los SS.
B14: Se deben remitir las resoluciones con nombramientos para GRD y MIDAS.
B15: Relleno de las fichas de capacidades de los Hospitales en la plataforma MIDAS.
B16: Recepción de Resoluciones con planes de Respuesta y plan de telecomunicaciones.
B17: Al final del periodo se remitirá a los Servicios de Salud el nivel de cumplimiento de las distintas acciones solicitadas.
A19: ⁻
A21: ⁻

Sheet 3,2 EG TRANSIT  GES
A1: N° COMGES | B1: INDICADOR | C1: N° INDICADOR | D1: MES | E1: NUMERADOR | F1: DENOMINADOR | G1: Meta | H1: Resultado indicador | I1: Resultado indicador
A2: 3.- Mejora de los tiempos de espera. | B2: 3.2 Resolución de garantías exceptuadas transitorias acumuladas sin prestación otorgada. | C2: 3.2 | D2: 46023 | G2: =E2/F2 -> #DIV/0! | H2: =E2/F2 -> #DIV/0!
A3: 3.- Mejora de los tiempos de espera. | B3: 3.2 Resolución de garantías exceptuadas transitorias acumuladas sin prestación otorgada. | C3: 3.2 | D3: 46054 | H3: =E3/F3 -> #DIV/0!
A4: 3.- Mejora de los tiempos de espera. | B4: 3.2 Resolución de garantías exceptuadas transitorias acumuladas sin prestación otorgada. | C4: 3.2 | D4: 46082 | H4: =E4/F4 -> #DIV/0!
A5: 3.- Mejora de los tiempos de espera. | B5: 3.2 Resolución de garantías exceptuadas transitorias acumuladas sin prestación otorgada. | C5: 3.2 | D5: 46113 | E5: 60 | F5: 183 | H5: =E5/F5 -> 0.32786885
A6: 3.- Mejora de los tiempos de espera. | B6: 3.2 Resolución de garantías exceptuadas transitorias acumuladas sin prestación otorgada. | C6: 3.2 | D6: 46143 | H6: =E6/F6 -> #DIV/0!
A7: 3.- Mejora de los tiempos de espera. | B7: 3.2 Resolución de garantías exceptuadas transitorias acumuladas sin prestación otorgada. | C7: 3.2 | D7: 46174 | H7: =E7/F7 -> #DIV/0!
A8: 3.- Mejora de los tiempos de espera. | B8: 3.2 Resolución de garantías exceptuadas transitorias acumuladas sin prestación otorgada. | C8: 3.2 | D8: 46204 | H8: =E8/F8 -> #DIV/0!
A9: 3.- Mejora de los tiempos de espera. | B9: 3.2 Resolución de garantías exceptuadas transitorias acumuladas sin prestación otorgada. | C9: 3.2 | D9: 46235 | H9: =E9/F9 -> #DIV/0!
A10: 3.- Mejora de los tiempos de espera. | B10: 3.2 Resolución de garantías exceptuadas transitorias acumuladas sin prestación otorgada. | C10: 3.2 | D10: 46266 | H10: =E10/F10 -> #DIV/0!
A11: 3.- Mejora de los tiempos de espera. | B11: 3.2 Resolución de garantías exceptuadas transitorias acumuladas sin prestación otorgada. | C11: 3.2 | D11: 46296 | H11: =E11/F11 -> #DIV/0!
A12: 3.- Mejora de los tiempos de espera. | B12: 3.2 Resolución de garantías exceptuadas transitorias acumuladas sin prestación otorgada. | C12: 3.2 | D12: 46327 | H12: =E12/F12 -> #DIV/0!
A13: 3.- Mejora de los tiempos de espera. | B13: 3.2 Resolución de garantías exceptuadas transitorias acumuladas sin prestación otorgada. | C13: 3.2 | D13: 46357 | H13: =E13/F13 -> #DIV/0!
A14: 3.- Mejora de los tiempos de espera. | B14: 3.2 Resolución de garantías exceptuadas transitorias acumuladas sin prestación otorgada. | C14: 3.2 | D14: TOTAL AÑO | E14: =SUM(E2:E13) -> 60 | F14: =SUM(F2:F13) -> 183 | H14: =E14/F14 -> 0.32786885

Sheet 3,1 CUMPLIMIENTO GES
A1: N° COMGES | B1: INDICADOR | C1: N° INDICADOR | D1: MES | E1: NUMERADOR | F1: DENOMINADOR | G1: Meta | H1: Resultado indicador
A2: 3.- Mejora de los tiempos de espera. | B2: 3.1 Cumplimiento de Garantías explícitas en Salud (GES) en la red. | D2: 46023 | E2: ='[3]6 GES'!H2 -> 2259 | F2: ='[3]6 GES'!I2 -> 2377 | G2: 0.995 | H2: =IFERROR(E2/F2,"") -> 0.95035759
A3: 3.- Mejora de los tiempos de espera. | B3: 3.1 Cumplimiento de Garantías explícitas en Salud (GES) en la red. | D3: 46054 | E3: ='[3]6 GES'!H3 -> 2920 | F3: ='[3]6 GES'!I3 -> 3095 | G3: 0.995 | H3: =IFERROR(E3/F3,"") -> 0.94345719 | I3: 45975 | J3: num | L3: denomi
A4: 3.- Mejora de los tiempos de espera. | B4: 3.1 Cumplimiento de Garantías explícitas en Salud (GES) en la red. | D4: 46082 | E4: ='[3]6 GES'!H4 -> 3387 | F4: ='[3]6 GES'!I4 -> 3758 | G4: 0.995 | H4: =IFERROR(E4/F4,"") -> 0.90127728 | I4: cumplidas | J4: 8733 | K4: 395 | L4: retrasadas
A5: 3.- Mejora de los tiempos de espera. | B5: 3.1 Cumplimiento de Garantías explícitas en Salud (GES) en la red. | D5: 46113 | E5: ='[3]6 GES'!H5 -> 4820 | F5: ='[3]6 GES'!I5 -> 5273 | G5: 0.995 | H5: =IFERROR(E5/F5,"") -> 0.91409065 | I5: eg | J5: 228 | L5: incumplidas no at
A6: 3.- Mejora de los tiempos de espera. | B6: 3.1 Cumplimiento de Garantías explícitas en Salud (GES) en la red. | D6: 46143 | E6: 5821 | F6: 6299 | G6: 0.995 | H6: =IFERROR(E6/F6,"") -> 0.92411494 | I6: incumplidas at | J6: 2157
A7: 3.- Mejora de los tiempos de espera. | B7: 3.1 Cumplimiento de Garantías explícitas en Salud (GES) en la red. | D7: 46174 | E7: 6399 | F7: 6979 | H7: =IFERROR(E7/F7,"") -> 0.91689354 | J7: =SUM(J4:J6) -> 11118 | K7: =SUM(K4:K6) -> 395 | L7: =SUM(J7:K7) -> 11513
A8: 3.- Mejora de los tiempos de espera. | B8: 3.1 Cumplimiento de Garantías explícitas en Salud (GES) en la red. | D8: 46204 | E8: ='[3]6 GES'!H8 -> 0 | F8: ='[3]6 GES'!I8 -> 0 | H8: =IFERROR(E8/F8,"")
A9: 3.- Mejora de los tiempos de espera. | B9: 3.1 Cumplimiento de Garantías explícitas en Salud (GES) en la red. | D9: 46235 | E9: ='[3]6 GES'!H9 -> 0 | F9: ='[3]6 GES'!I9 -> 0 | H9: =IFERROR(E9/F9,"")
A10: 3.- Mejora de los tiempos de espera. | B10: 3.1 Cumplimiento de Garantías explícitas en Salud (GES) en la red. | D10: 46266 | E10: ='[3]6 GES'!H10 -> 0 | F10: ='[3]6 GES'!I10 -> 0 | H10: =IFERROR(E10/F10,"")
A11: 3.- Mejora de los tiempos de espera. | B11: 3.1 Cumplimiento de Garantías explícitas en Salud (GES) en la red. | D11: 46296 | E11: ='[3]6 GES'!H11 -> 0 | F11: ='[3]6 GES'!I11 -> 0 | H11: =IFERROR(E11/F11,"")
A12: 3.- Mejora de los tiempos de espera. | B12: 3.1 Cumplimiento de Garantías explícitas en Salud (GES) en la red. | D12: 46327 | E12: ='[3]6 GES'!H12 -> 0 | F12: ='[3]6 GES'!I12 -> 0 | H12: =IFERROR(E12/F12,"")
A13: 3.- Mejora de los tiempos de espera. | B13: 3.1 Cumplimiento de Garantías explícitas en Salud (GES) en la red. | D13: 46357 | E13: ='[3]6 GES'!H13 -> 0 | F13: ='[3]6 GES'!I13 -> 0 | H13: =IFERROR(E13/F13,"")
A14: 3.- Mejora de los tiempos de espera. | B14: 3.1 Cumplimiento de Garantías explícitas en Salud (GES) en la red. | D14: TOTAL AÑO | E14: =E7 -> 6399 | F14: =F7 -> 6979 | G14: =E14/F14 -> 0.91689354 | H14: =H6 -> 0.92411494

Sheet 2,10 POT DONANTES
A1: N° COMGES | B1: INDICADOR | C1: N° INDICADOR | D1: MES | E1: NUMERADOR | F1: DENOMINADOR | G1: Meta | H1: Resultado indicador | I1: Resultado indicador
C2: 2.1 | D2: 46023 | H2: =E2/F2 -> #DIV/0!
C3: 2.1 | D3: 46054 | H3: =E3/F3 -> #DIV/0!
C4: 2.1 | D4: 46082 | H4: =E4/F4 -> #DIV/0!
C5: 2.1 | D5: 46113 | H5: =E5/F5 -> #DIV/0!
C6: 2.1 | D6: 46143 | H6: =E6/F6 -> #DIV/0!
C7: 2.1 | D7: 46174 | H7: =E7/F7 -> #DIV/0!
C8: 2.1 | D8: 46204 | H8: =E8/F8 -> #DIV/0!
C9: 2.1 | D9: 46235 | H9: =E9/F9 -> #DIV/0!
C10: 2.1 | D10: 46266 | H10: =E10/F10 -> #DIV/0!
C11: 2.1 | D11: 46296 | H11: =E11/F11 -> #DIV/0!
C12: 2.1 | D12: 46327 | H12: =E12/F12 -> #DIV/0!
C13: 2.1 | D13: 46357 | H13: =E13/F13 -> #DIV/0!
C14: 2.1 | D14: TOTAL AÑO | E14: =SUM(E2:E13) -> 0 | F14: =SUM(F2:F13) -> 0 | H14: =E14/F14 -> #DIV/0!

Sheet 2,8 PAC PD 
A1: N° COMGES | B1: INDICADOR | C1: N° INDICADOR | D1: MES | E1: NUMERADOR | F1: DENOMINADOR | G1: Meta | H1: Resultado indicador
C2: 2.8 | D2: 46023 | E2: 8 | F2: 29 | G2: >=20% | H2: =E2/F2 -> 0.27586207
C3: 2.8 | D3: 46054 | E3: 9 | F3: 30 | G3: >=20% | H3: =E3/F3 -> 0.3
C4: 2.8 | D4: 46082 | E4: 9 | F4: 34 | G4: >=20% | H4: =E4/F4 -> 0.26470588
C5: 2.8 | D5: 46113 | E5: 10 | F5: 36 | G5: >=20% | H5: =E5/F5 -> 0.27777778
C6: 2.8 | D6: 46143 | E6: 12 | F6: 42 | G6: >=20% | H6: =E6/F6 -> 0.28571429
C7: 2.8 | D7: 46174 | G7: >=20% | H7: =E7/F7 -> #DIV/0!
C8: 2.8 | D8: 46204 | G8: >=20% | H8: =E8/F8 -> #DIV/0!
C9: 2.8 | D9: 46235 | G9: >=20% | H9: =E9/F9 -> #DIV/0!
C10: 2.8 | D10: 46266 | G10: >=20% | H10: =E10/F10 -> #DIV/0!
C11: 2.8 | D11: 46296 | G11: >=20% | H11: =E11/F11 -> #DIV/0!
C12: 2.8 | D12: 46327 | G12: >=20% | H12: =E12/F12 -> #DIV/0!
C13: 2.8 | D13: 46357 | G13: >=20% | H13: =E13/F13 -> #DIV/0!
C14: 2.8 | D14: TOTAL AÑO | E14: =SUM(E2:E13) -> 48 | F14: =SUM(F2:F13) -> 171 | G14: >=20% | H14: =E14/F14 -> 0.28070175

Sheet 2,7 FAV EN IRC
A1: N° COMGES | B1: INDICADOR | C1: N° INDICADOR | D1: MES | E1: NUMERADOR | F1: DENOMINADOR | G1: Meta | H1: Resultado indicador
C2: 2.7 | D2: 46023 | G2: 0.7 | H2: =E2/F2 -> #DIV/0!
C3: 2.7 | D3: 46054 | G3: 0.7 | H3: =E3/F3 -> #DIV/0!
C4: 2.7 | D4: 46082 | E4: 113 | F4: 195 | G4: 0.7 | H4: =E4/F4 -> 0.57948718
C5: 2.7 | D5: 46113 | E5: 115 | F5: 201 | G5: 0.7 | H5: =E5/F5 -> 0.5721393
C6: 2.7 | D6: 46143 | G6: 0.7 | H6: =E6/F6 -> #DIV/0!
C7: 2.7 | D7: 46174 | G7: 0.7 | H7: =E7/F7 -> #DIV/0!
C8: 2.7 | D8: 46204 | G8: 0.7 | H8: =E8/F8 -> #DIV/0!
C9: 2.7 | D9: 46235 | G9: 0.7 | H9: =E9/F9 -> #DIV/0!
C10: 2.7 | D10: 46266 | G10: 0.7 | H10: =E10/F10 -> #DIV/0!
C11: 2.7 | D11: 46296 | G11: 0.7 | H11: =E11/F11 -> #DIV/0!
C12: 2.7 | D12: 46327 | G12: 0.7 | H12: =E12/F12 -> #DIV/0!
C13: 2.7 | D13: 46357 | G13: 0.7 | H13: =E13/F13 -> #DIV/0!
C14: 2.7 | D14: TOTAL AÑO | E14: =SUM(E2:E13) -> 228 | F14: =SUM(F2:F13) -> 396 | G14: 0.7 | H14: =E14/F14 -> 0.57575758

Sheet 2.3 CESAREA
A1: N° COMGES | B1: INDICADOR | C1: N° INDICADOR | D1: MES | E1: NUMERADOR | F1: DENOMINADOR | G1: Meta | H1: Resultado indicador | I1: Resultado indicador
A2: 2.- Reducir las complicaciones de salud mediante estrategias de prevención, diagnóstico y tratamiento. | B2: 2.3 Tasa global de cesárea. | C2: 2.3 | D2: 46023 | E2: =[4]A24!$C$15+[4]A24!$C$16 -> 26 | F2: =[4]A24!$C$13+[4]A24!$C$14+[4]A24!$C$15+[4]A24!$C$16 -> 68 | G2: <39,3% | H2: =E2/F2 -> 0.38235294
A3: 2.- Reducir las complicaciones de salud mediante estrategias de prevención, diagnóstico y tratamiento. | B3: 2.3 Tasa global de cesárea. | C3: 2.3 | D3: 46054 | E3: =[5]A24!$C$15+[5]A24!$C$16 -> 37 | F3: =[5]A24!$C$13+[5]A24!$C$14+[5]A24!$C$15+[5]A24!$C$16 -> 75 | G3: <39,3% | H3: =E3/F3 -> 0.49333333
A4: 2.- Reducir las complicaciones de salud mediante estrategias de prevención, diagnóstico y tratamiento. | B4: 2.3 Tasa global de cesárea. | C4: 2.3 | D4: 46082 | E4: =[6]A24!$C$15+[6]A24!$C$16 -> 39 | F4: =[6]A24!$C$13+[6]A24!$C$14+[6]A24!$C$15+[6]A24!$C$16 -> 84 | G4: <39,3% | H4: =E4/F4 -> 0.46428571
A5: 2.- Reducir las complicaciones de salud mediante estrategias de prevención, diagnóstico y tratamiento. | B5: 2.3 Tasa global de cesárea. | C5: 2.3 | D5: 46113 | E5: =[7]A24!$C$15+[7]A24!$C$16 -> 39 | F5: =[7]A24!$C$13+[7]A24!$C$14+[7]A24!$C$15+[7]A24!$C$16 -> 93 | G5: <39,3% | H5: =E5/F5 -> 0.41935484 | K5: % Cesareas 2025
A6: 2.- Reducir las complicaciones de salud mediante estrategias de prevención, diagnóstico y tratamiento. | B6: 2.3 Tasa global de cesárea. | C6: 2.3 | D6: 46143 | E6: =[8]A24!$C$15+[8]A24!$C$16 -> 35 | F6: =[8]A24!$C$13+[8]A24!$C$14+[8]A24!$C$15+[8]A24!$C$16 -> 77 | G6: <39,3% | H6: =E6/F6 -> 0.45454545 | K6: 0.433 | L6: 0.04 | M6: =K6-L6 -> 0.393
A7: 2.- Reducir las complicaciones de salud mediante estrategias de prevención, diagnóstico y tratamiento. | B7: 2.3 Tasa global de cesárea. | C7: 2.3 | D7: 46174 | E7: =[9]A24!$C$15+[9]A24!$C$16 -> 55 | F7: =[9]A24!$C$13+[9]A24!$C$14+[9]A24!$C$15+[9]A24!$C$16 -> 96 | G7: <39,3% | H7: =E7/F7 -> 0.57291667
A8: 2.- Reducir las complicaciones de salud mediante estrategias de prevención, diagnóstico y tratamiento. | B8: 2.3 Tasa global de cesárea. | C8: 2.3 | D8: 46204 | G8: <39,3% | H8: =E8/F8 -> #DIV/0!
A9: 2.- Reducir las complicaciones de salud mediante estrategias de prevención, diagnóstico y tratamiento. | B9: 2.3 Tasa global de cesárea. | C9: 2.3 | D9: 46235 | G9: <39,3% | H9: =E9/F9 -> #DIV/0!
A10: 2.- Reducir las complicaciones de salud mediante estrategias de prevención, diagnóstico y tratamiento. | B10: 2.3 Tasa global de cesárea. | C10: 2.3 | D10: 46266 | G10: <39,3% | H10: =E10/F10 -> #DIV/0!
A11: 2.- Reducir las complicaciones de salud mediante estrategias de prevención, diagnóstico y tratamiento. | B11: 2.3 Tasa global de cesárea. | C11: 2.3 | D11: 46296 | G11: <39,3% | H11: =E11/F11 -> #DIV/0!
A12: 2.- Reducir las complicaciones de salud mediante estrategias de prevención, diagnóstico y tratamiento. | B12: 2.3 Tasa global de cesárea. | C12: 2.3 | D12: 46327 | G12: <39,3% | H12: =E12/F12 -> #DIV/0!
A13: 2.- Reducir las complicaciones de salud mediante estrategias de prevención, diagnóstico y tratamiento. | B13: 2.3 Tasa global de cesárea. | C13: 2.3 | D13: 46357 | G13: <39,3% | H13: =E13/F13 -> #DIV/0!
A14: 2.- Reducir las complicaciones de salud mediante estrategias de prevención, diagnóstico y tratamiento. | B14: 2.3 Tasa global de cesárea. | C14: 2.3 | D14: TOTAL AÑO | E14: =SUM(E2:E13) -> 231 | F14: =SUM(F2:F13) -> 493 | G14: <39,3% | H14: =E14/F14 -> 0.46855984 | I14: =(H14-43.3%)/43.3% -> 0.082124337

Sheet 1,15 CAMAS DISPONIBLES
A1: N° COMGES | B1: INDICADOR | C1: N° INDICADOR | D1: MES | E1: CAMAS DISPONIBLES | F1: DIAS CALENDARIO | G1: CAMAS DOTACION | H1: CAMAS POR RESOLUCION*DIAS CALENDARIO | I1: Meta | J1: Resultado indicador | K1: Resultado indicador
A2: 1.- Mejorar la eficiencia en la gestión de procesos asistenciales. | B2: 1.14 Camas disponibles respecto de la dotación vigente. | C2: 1.15 | D2: 46023 | E2: 3751 | F2: 31 | G2: 125 | H2: =F2*G2 -> 3875 | I2: >95% | J2: =E2/H2 -> 0.968 | K2: =E2/F2 -> 121
A3: 1.- Mejorar la eficiencia en la gestión de procesos asistenciales. | B3: 1.14 Camas disponibles respecto de la dotación vigente. | C3: 1.15 | D3: 46054 | E3: 3388 | F3: 28 | G3: 125 | H3: =F3*G3 -> 3500 | I3: >95% | J3: =E3/H3 -> 0.968 | K3: =E3/F3 -> 121
A4: 1.- Mejorar la eficiencia en la gestión de procesos asistenciales. | B4: 1.14 Camas disponibles respecto de la dotación vigente. | C4: 1.15 | D4: 46082 | E4: 3751 | F4: 31 | G4: 125 | H4: =F4*G4 -> 3875 | I4: >95% | J4: =E4/H4 -> 0.968 | K4: =E4/F4 -> 121
A5: 1.- Mejorar la eficiencia en la gestión de procesos asistenciales. | B5: 1.14 Camas disponibles respecto de la dotación vigente. | C5: 1.15 | D5: 46113 | E5: 3631 | F5: 30 | G5: 125 | H5: =F5*G5 -> 3750 | I5: >95% | J5: =E5/H5 -> 0.96826667 | K5: =E5/F5 -> 121.03333
A6: 1.- Mejorar la eficiencia en la gestión de procesos asistenciales. | B6: 1.14 Camas disponibles respecto de la dotación vigente. | C6: 1.15 | D6: 46143 | E6: 3753 | F6: 31 | G6: 125 | H6: =F6*G6 -> 3875 | I6: >95% | J6: =E6/H6 -> 0.96851613 | K6: =E6/F6 -> 121.06452
A7: 1.- Mejorar la eficiencia en la gestión de procesos asistenciales. | B7: 1.14 Camas disponibles respecto de la dotación vigente. | C7: 1.15 | D7: 46174 | E7: 3772 | F7: 30 | G7: 125 | H7: =F7*G7 -> 3750 | I7: >95% | J7: =E7/H7 -> 1.0058667 | K7: =E7/F7 -> 125.73333
A8: 1.- Mejorar la eficiencia en la gestión de procesos asistenciales. | B8: 1.14 Camas disponibles respecto de la dotación vigente. | C8: 1.15 | D8: 46204 | H8: =F8*G8 -> 0 | I8: >95% | J8: =E8/H8 -> #DIV/0!
A9: 1.- Mejorar la eficiencia en la gestión de procesos asistenciales. | B9: 1.14 Camas disponibles respecto de la dotación vigente. | C9: 1.15 | D9: 46235 | H9: =F9*G9 -> 0 | I9: >95% | J9: =E9/H9 -> #DIV/0!
A10: 1.- Mejorar la eficiencia en la gestión de procesos asistenciales. | B10: 1.14 Camas disponibles respecto de la dotación vigente. | C10: 1.15 | D10: 46266 | H10: =F10*G10 -> 0 | I10: >95% | J10: =E10/H10 -> #DIV/0!
A11: 1.- Mejorar la eficiencia en la gestión de procesos asistenciales. | B11: 1.14 Camas disponibles respecto de la dotación vigente. | C11: 1.15 | D11: 46296 | H11: =F11*G11 -> 0 | I11: >95% | J11: =E11/H11 -> #DIV/0!
A12: 1.- Mejorar la eficiencia en la gestión de procesos asistenciales. | B12: 1.14 Camas disponibles respecto de la dotación vigente. | C12: 1.15 | D12: 46327 | H12: =F12*G12 -> 0 | I12: >95% | J12: =E12/H12 -> #DIV/0!
A13: 1.- Mejorar la eficiencia en la gestión de procesos asistenciales. | B13: 1.14 Camas disponibles respecto de la dotación vigente. | C13: 1.15 | D13: 46357 | H13: =F13*G13 -> 0 | I13: >95% | J13: =E13/H13 -> #DIV/0!
A14: 1.- Mejorar la eficiencia en la gestión de procesos asistenciales. | B14: 1.14 Camas disponibles respecto de la dotación vigente. | C14: 1.15 | D14: TOTAL AÑO | E14: =SUM(E2:E13) -> 22046 | F14: =SUM(F2:F13) -> 181 | G14: 125 | H14: =SUM(H2:H13) -> 22625 | I14: >95% | J14: =E14/H14 -> 0.97440884

Sheet 1,13 HODOM 
A1: N° COMGES | B1: INDICADOR | C1: N° INDICADOR | D1: MES | E1: NUMERADOR | F1: DENOMINADOR | G1: Meta | H1: Resultado indicador | I1: Resultado indicador
A2: 1.- Mejorar la eficiencia en la gestión de procesos asistenciales. | B2: 1.16 Días de estada en Hospitalización Domiciliaria. | C2: 1.13 | D2: 46023 | E2: =[4]A21!$C$33 -> 504 | F2: =[4]A21!$C$32 -> 61 | G2: <8,5% | H2: =E2/F2 -> 8.2622951
A3: 1.- Mejorar la eficiencia en la gestión de procesos asistenciales. | B3: 1.16 Días de estada en Hospitalización Domiciliaria. | C3: 1.13 | D3: 46054 | E3: =[5]A21!$C$33 -> 556 | F3: =[5]A21!$C$32 -> 50 | G3: <8,5% | H3: =E3/F3 -> 11.12
A4: 1.- Mejorar la eficiencia en la gestión de procesos asistenciales. | B4: 1.16 Días de estada en Hospitalización Domiciliaria. | C4: 1.13 | D4: 46082 | E4: =[6]A21!$C$33 -> 538 | F4: =[6]A21!$C$32 -> 56 | G4: <8,5% | H4: =E4/F4 -> 9.6071429
A5: 1.- Mejorar la eficiencia en la gestión de procesos asistenciales. | B5: 1.16 Días de estada en Hospitalización Domiciliaria. | C5: 1.13 | D5: 46113 | E5: =[7]A21!$C$33 -> 433 | F5: =[7]A21!$C$32 -> 51 | G5: <8,5% | H5: =E5/F5 -> 8.4901961
A6: 1.- Mejorar la eficiencia en la gestión de procesos asistenciales. | B6: 1.16 Días de estada en Hospitalización Domiciliaria. | C6: 1.13 | D6: 46143 | E6: =[8]A21!$C$33 -> 531 | F6: =[8]A21!$C$32 -> 57 | G6: <8,5% | H6: =E6/F6 -> 9.3157895
A7: 1.- Mejorar la eficiencia en la gestión de procesos asistenciales. | B7: 1.16 Días de estada en Hospitalización Domiciliaria. | C7: 1.13 | D7: 46174 | E7: =[9]A21!$C$33 -> 585 | F7: =[9]A21!$C$32 -> 66 | G7: <8,5% | H7: =E7/F7 -> 8.8636364
A8: 1.- Mejorar la eficiencia en la gestión de procesos asistenciales. | B8: 1.16 Días de estada en Hospitalización Domiciliaria. | C8: 1.13 | D8: 46204 | G8: <8,5% | H8: =E8/F8 -> #DIV/0!
A9: 1.- Mejorar la eficiencia en la gestión de procesos asistenciales. | B9: 1.16 Días de estada en Hospitalización Domiciliaria. | C9: 1.13 | D9: 46235 | G9: <8,5% | H9: =E9/F9 -> #DIV/0!
A10: 1.- Mejorar la eficiencia en la gestión de procesos asistenciales. | B10: 1.16 Días de estada en Hospitalización Domiciliaria. | C10: 1.13 | D10: 46266 | G10: <8,5% | H10: =E10/F10 -> #DIV/0!
A11: 1.- Mejorar la eficiencia en la gestión de procesos asistenciales. | B11: 1.16 Días de estada en Hospitalización Domiciliaria. | C11: 1.13 | D11: 46296 | G11: <8,5% | H11: =E11/F11 -> #DIV/0!
A12: 1.- Mejorar la eficiencia en la gestión de procesos asistenciales. | B12: 1.16 Días de estada en Hospitalización Domiciliaria. | C12: 1.13 | D12: 46327 | G12: <8,5% | H12: =E12/F12 -> #DIV/0!
A13: 1.- Mejorar la eficiencia en la gestión de procesos asistenciales. | B13: 1.16 Días de estada en Hospitalización Domiciliaria. | C13: 1.13 | D13: 46357 | G13: <8,5% | H13: =E13/F13 -> #DIV/0!
A14: 1.- Mejorar la eficiencia en la gestión de procesos asistenciales. | B14: 1.16 Días de estada en Hospitalización Domiciliaria. | C14: 1.13 | D14: TOTAL AÑO | E14: =SUM(E2:E13) -> 3147 | F14: =SUM(F2:F13) -> 341 | G14: <8,5% | H14: =E14/F14 -> 9.228739

Sheet 1,11 HOSP URG
A1: N° COMGES | B1: INDICADOR | C1: N° INDICADOR | D1: MES | E1: NUMERADOR | F1: DENOMINADOR | G1: Meta | H1: Resultado indicador | I1: Resultado indicador
A2: 1.- Mejorar la eficiencia en la gestión de procesos asistenciales. | B2: 1.11 Personas con indicación de hospitalización desde UEH, que acceden a cama de dotación en menos de 12 horas | C2: 1.11 | D2: 46023 | E2: =[4]A08!$C$107 -> 136 | F2: =[4]A08!$C$108+[4]A08!$C$109+[4]A08!$C$112+[4]A08!$C$107 -> 261 | G2: >85% | H2: =E2/F2 -> 0.5210728
A3: 1.- Mejorar la eficiencia en la gestión de procesos asistenciales. | B3: 1.11 Personas con indicación de hospitalización desde UEH, que acceden a cama de dotación en menos de 12 horas | C3: 1.11 | D3: 46054 | E3: =[5]A08!$C$107 -> 164 | F3: =[5]A08!$C$108+[5]A08!$C$109+[5]A08!$C$112+[5]A08!$C$107 -> 260 | G3: >85% | H3: =E3/F3 -> 0.63076923
A4: 1.- Mejorar la eficiencia en la gestión de procesos asistenciales. | B4: 1.11 Personas con indicación de hospitalización desde UEH, que acceden a cama de dotación en menos de 12 horas | C4: 1.11 | D4: 46082 | E4: =[6]A08!$C$107 -> 170 | F4: =[6]A08!$C$108+[6]A08!$C$109+[6]A08!$C$112+[6]A08!$C$107 -> 305 | G4: >85% | H4: =E4/F4 -> 0.55737705
A5: 1.- Mejorar la eficiencia en la gestión de procesos asistenciales. | B5: 1.11 Personas con indicación de hospitalización desde UEH, que acceden a cama de dotación en menos de 12 horas | C5: 1.11 | D5: 46113 | E5: =[7]A08!$C$107 -> 134 | F5: =[7]A08!$C$108+[7]A08!$C$109+[7]A08!$C$112+[7]A08!$C$107 -> 338 | G5: >85% | H5: =E5/F5 -> 0.3964497 | J5: =[7]A08!$C$112 -> 59
A6: 1.- Mejorar la eficiencia en la gestión de procesos asistenciales. | B6: 1.11 Personas con indicación de hospitalización desde UEH, que acceden a cama de dotación en menos de 12 horas | C6: 1.11 | D6: 46143 | E6: =[8]A08!$C$107 -> 152 | F6: =[8]A08!$C$108+[8]A08!$C$109+[8]A08!$C$112+[8]A08!$C$107 -> 346 | G6: >85% | H6: =E6/F6 -> 0.43930636 | J6: =[8]A08!$C$112 -> 79
A7: 1.- Mejorar la eficiencia en la gestión de procesos asistenciales. | B7: 1.11 Personas con indicación de hospitalización desde UEH, que acceden a cama de dotación en menos de 12 horas | C7: 1.11 | D7: 46174 | E7: =[9]A08!$C$107 -> 118 | F7: =[9]A08!$C$108+[9]A08!$C$109+[9]A08!$C$112+[9]A08!$C$107 -> 342 | G7: >85% | H7: =E7/F7 -> 0.34502924
A8: 1.- Mejorar la eficiencia en la gestión de procesos asistenciales. | B8: 1.11 Personas con indicación de hospitalización desde UEH, que acceden a cama de dotación en menos de 12 horas | C8: 1.11 | D8: 46204 | G8: >85% | H8: =E8/F8 -> #DIV/0!
A9: 1.- Mejorar la eficiencia en la gestión de procesos asistenciales. | B9: 1.11 Personas con indicación de hospitalización desde UEH, que acceden a cama de dotación en menos de 12 horas | C9: 1.11 | D9: 46235 | G9: >85% | H9: =E9/F9 -> #DIV/0!
A10: 1.- Mejorar la eficiencia en la gestión de procesos asistenciales. | B10: 1.11 Personas con indicación de hospitalización desde UEH, que acceden a cama de dotación en menos de 12 horas | C10: 1.11 | D10: 46266 | G10: >85% | H10: =E10/F10 -> #DIV/0!
A11: 1.- Mejorar la eficiencia en la gestión de procesos asistenciales. | B11: 1.11 Personas con indicación de hospitalización desde UEH, que acceden a cama de dotación en menos de 12 horas | C11: 1.11 | D11: 46296 | G11: >85% | H11: =E11/F11 -> #DIV/0!
A12: 1.- Mejorar la eficiencia en la gestión de procesos asistenciales. | B12: 1.11 Personas con indicación de hospitalización desde UEH, que acceden a cama de dotación en menos de 12 horas | C12: 1.11 | D12: 46327 | G12: >85% | H12: =E12/F12 -> #DIV/0!
A13: 1.- Mejorar la eficiencia en la gestión de procesos asistenciales. | B13: 1.11 Personas con indicación de hospitalización desde UEH, que acceden a cama de dotación en menos de 12 horas | C13: 1.11 | D13: 46357 | G13: >85% | H13: =E13/F13 -> #DIV/0!
A14: 1.- Mejorar la eficiencia en la gestión de procesos asistenciales. | B14: 1.11 Personas con indicación de hospitalización desde UEH, que acceden a cama de dotación en menos de 12 horas | C14: 1.11 | D14: TOTAL AÑO | E14: =SUM(E2:E13) -> 874 | F14: =SUM(F2:F13) -> 1852 | G14: >85% | H14: =E14/F14 -> 0.47192225

Sheet 1,10 AT C2
A1: N° COMGES | B1: INDICADOR | C1: N° INDICADOR | D1: MES | E1: NUMERADOR | F1: DENOMINADOR | G1: Meta | H1: Resultado indicador | I1: Resultado indicador
A2: 1.- Mejorar la eficiencia en la gestión de procesos asistenciales. | B2: 1.10 Personas categorizadas C2 atendidos oportunamente en las UEH adulto y pediátrico. | C2: 1.10 | D2: 46023 | E2: 342 | F2: =[4]A08!$B$62 -> 350 | G2: >90% | H2: =E2/F2 -> 0.97714286 | I2: 376
A3: 1.- Mejorar la eficiencia en la gestión de procesos asistenciales. | B3: 1.10 Personas categorizadas C2 atendidos oportunamente en las UEH adulto y pediátrico. | C3: 1.10 | D3: 46054 | E3: 332 | F3: =[5]A08!$B$62 -> 342 | G3: >90% | H3: =E3/F3 -> 0.97076023 | I3: 370
A4: 1.- Mejorar la eficiencia en la gestión de procesos asistenciales. | B4: 1.10 Personas categorizadas C2 atendidos oportunamente en las UEH adulto y pediátrico. | C4: 1.10 | D4: 46082 | E4: 338 | F4: =[6]A08!$B$62 -> 344 | G4: >90% | H4: =E4/F4 -> 0.98255814 | I4: 396
A5: 1.- Mejorar la eficiencia en la gestión de procesos asistenciales. | B5: 1.10 Personas categorizadas C2 atendidos oportunamente en las UEH adulto y pediátrico. | C5: 1.10 | D5: 46113 | E5: 327 | F5: =[7]A08!$B$62 -> 345 | G5: >90% | H5: =E5/F5 -> 0.94782609 | I5: 364
A6: 1.- Mejorar la eficiencia en la gestión de procesos asistenciales. | B6: 1.10 Personas categorizadas C2 atendidos oportunamente en las UEH adulto y pediátrico. | C6: 1.10 | D6: 46143 | E6: 291 | F6: =[8]A08!$B$62 -> 301 | G6: >90% | H6: =E6/F6 -> 0.96677741
A7: 1.- Mejorar la eficiencia en la gestión de procesos asistenciales. | B7: 1.10 Personas categorizadas C2 atendidos oportunamente en las UEH adulto y pediátrico. | C7: 1.10 | D7: 46174 | E7: 281 | F7: =[9]A08!$B$62 -> 291 | G7: >90% | H7: =E7/F7 -> 0.96563574
A8: 1.- Mejorar la eficiencia en la gestión de procesos asistenciales. | B8: 1.10 Personas categorizadas C2 atendidos oportunamente en las UEH adulto y pediátrico. | C8: 1.10 | D8: 46204 | G8: >90% | H8: =E8/F8 -> #DIV/0!
A9: 1.- Mejorar la eficiencia en la gestión de procesos asistenciales. | B9: 1.10 Personas categorizadas C2 atendidos oportunamente en las UEH adulto y pediátrico. | C9: 1.10 | D9: 46235 | G9: >90% | H9: =E9/F9 -> #DIV/0!
A10: 1.- Mejorar la eficiencia en la gestión de procesos asistenciales. | B10: 1.10 Personas categorizadas C2 atendidos oportunamente en las UEH adulto y pediátrico. | C10: 1.10 | D10: 46266 | G10: >90% | H10: =E10/F10 -> #DIV/0!
A11: 1.- Mejorar la eficiencia en la gestión de procesos asistenciales. | B11: 1.10 Personas categorizadas C2 atendidos oportunamente en las UEH adulto y pediátrico. | C11: 1.10 | D11: 46296 | G11: >90% | H11: =E11/F11 -> #DIV/0!
A12: 1.- Mejorar la eficiencia en la gestión de procesos asistenciales. | B12: 1.10 Personas categorizadas C2 atendidos oportunamente en las UEH adulto y pediátrico. | C12: 1.10 | D12: 46327 | G12: >90% | H12: =E12/F12 -> #DIV/0!
A13: 1.- Mejorar la eficiencia en la gestión de procesos asistenciales. | B13: 1.10 Personas categorizadas C2 atendidos oportunamente en las UEH adulto y pediátrico. | C13: 1.10 | D13: 46357 | G13: >90% | H13: =E13/F13 -> #DIV/0!
A14: 1.- Mejorar la eficiencia en la gestión de procesos asistenciales. | B14: 1.10 Personas categorizadas C2 atendidos oportunamente en las UEH adulto y pediátrico. | C14: 1.10 | D14: TOTAL AÑO | E14: =SUM(E2:E13) -> 1911 | F14: =SUM(F2:F13) -> 1973 | G14: >90% | H14: =E14/F14 -> 0.96857577 | I14: =I2+I3+I4+I5+I6+I7+I8+I9+I10+I11+I12+I13 -> 1506

Sheet 1,9 ABANDONO URG
A1: N° COMGES | B1: INDICADOR | C1: N° INDICADOR | D1: MES | E1: NUMERADOR | F1: DENOMINADOR | G1: Meta | H1: Resultado indicador | I1: Resultado indicador
A2: 1.- Mejorar la eficiencia en la gestión de procesos asistenciales. | B2: 1.9 Personas que abandonan durante el Proceso de Atención de Urgencia en las Unidades de Emergencia Hospitalaria Adulto y Pediátrica. | C2: 1.9 | D2: 46023 | E2: =F2-[4]A08!$B$12 -> 1137 | F2: =[4]A08!$AS$12 -> 4616 | G2: <10% | H2: =E2/F2 -> 0.24631716
A3: 1.- Mejorar la eficiencia en la gestión de procesos asistenciales. | B3: 1.9 Personas que abandonan durante el Proceso de Atención de Urgencia en las Unidades de Emergencia Hospitalaria Adulto y Pediátrica. | C3: 1.9 | D3: 46054 | E3: =F3-[5]A08!$B$12 -> 1143 | F3: =[5]A08!$AS$12 -> 4507 | G3: <10% | H3: =E3/F3 -> 0.2536055
A4: 1.- Mejorar la eficiencia en la gestión de procesos asistenciales. | B4: 1.9 Personas que abandonan durante el Proceso de Atención de Urgencia en las Unidades de Emergencia Hospitalaria Adulto y Pediátrica. | C4: 1.9 | D4: 46082 | E4: =F4-[6]A08!$B$12 -> 814 | F4: =[6]A08!$AS$12 -> 3935 | G4: <10% | H4: =E4/F4 -> 0.2068615
A5: 1.- Mejorar la eficiencia en la gestión de procesos asistenciales. | B5: 1.9 Personas que abandonan durante el Proceso de Atención de Urgencia en las Unidades de Emergencia Hospitalaria Adulto y Pediátrica. | C5: 1.9 | D5: 46113 | E5: =F5-[7]A08!$B$12 -> 757 | F5: =[7]A08!$AS$12 -> 3707 | G5: <10% | H5: =E5/F5 -> 0.20420825
A6: 1.- Mejorar la eficiencia en la gestión de procesos asistenciales. | B6: 1.9 Personas que abandonan durante el Proceso de Atención de Urgencia en las Unidades de Emergencia Hospitalaria Adulto y Pediátrica. | C6: 1.9 | D6: 46143 | E6: =F6-[8]A08!$B$12 -> 742 | F6: =[8]A08!$AS$12 -> 3977 | G6: <10% | H6: =E6/F6 -> 0.18657279
A7: 1.- Mejorar la eficiencia en la gestión de procesos asistenciales. | B7: 1.9 Personas que abandonan durante el Proceso de Atención de Urgencia en las Unidades de Emergencia Hospitalaria Adulto y Pediátrica. | C7: 1.9 | D7: 46174 | E7: =F7-[9]A08!$B$12 -> 991 | F7: =[9]A08!$AS$12 -> 3903 | G7: <10% | H7: =E7/F7 -> 0.25390725
A8: 1.- Mejorar la eficiencia en la gestión de procesos asistenciales. | B8: 1.9 Personas que abandonan durante el Proceso de Atención de Urgencia en las Unidades de Emergencia Hospitalaria Adulto y Pediátrica. | C8: 1.9 | D8: 46204 | G8: <10% | H8: =E8/F8 -> #DIV/0!
A9: 1.- Mejorar la eficiencia en la gestión de procesos asistenciales. | B9: 1.9 Personas que abandonan durante el Proceso de Atención de Urgencia en las Unidades de Emergencia Hospitalaria Adulto y Pediátrica. | C9: 1.9 | D9: 46235 | G9: <10% | H9: =E9/F9 -> #DIV/0!
A10: 1.- Mejorar la eficiencia en la gestión de procesos asistenciales. | B10: 1.9 Personas que abandonan durante el Proceso de Atención de Urgencia en las Unidades de Emergencia Hospitalaria Adulto y Pediátrica. | C10: 1.9 | D10: 46266 | G10: <10% | H10: =E10/F10 -> #DIV/0!
A11: 1.- Mejorar la eficiencia en la gestión de procesos asistenciales. | B11: 1.9 Personas que abandonan durante el Proceso de Atención de Urgencia en las Unidades de Emergencia Hospitalaria Adulto y Pediátrica. | C11: 1.9 | D11: 46296 | G11: <10% | H11: =E11/F11 -> #DIV/0!
A12: 1.- Mejorar la eficiencia en la gestión de procesos asistenciales. | B12: 1.9 Personas que abandonan durante el Proceso de Atención de Urgencia en las Unidades de Emergencia Hospitalaria Adulto y Pediátrica. | C12: 1.9 | D12: 46327 | G12: <10% | H12: =E12/F12 -> #DIV/0!
A13: 1.- Mejorar la eficiencia en la gestión de procesos asistenciales. | B13: 1.9 Personas que abandonan durante el Proceso de Atención de Urgencia en las Unidades de Emergencia Hospitalaria Adulto y Pediátrica. | C13: 1.9 | D13: 46357 | G13: <10% | H13: =E13/F13 -> #DIV/0!
A14: 1.- Mejorar la eficiencia en la gestión de procesos asistenciales. | B14: 1.9 Personas que abandonan durante el Proceso de Atención de Urgencia en las Unidades de Emergencia Hospitalaria Adulto y Pediátrica. | C14: 1.9 | D14: TOTAL AÑO | E14: =SUM(E2:E13) -> 5584 | F14: =SUM(F2:F13) -> 24645 | G14: <10% | H14: =E14/F14 -> 0.2265774

Sheet 1,8 NSP CONTROL
A1: ESPECIALIDAD | B1: NUMERADOR ENERO | C1: DENOMINADOR ENERO | D1: RESULTADO ENERO | E1: NUMERADOR FEBRERO | F1: DENOMINADOR FEBRERO | G1: RESULTADO FEBRERO | H1: NUMERADOR MARZO | I1: DENOMINADOR MARZO | J1: RESULTADO MARZO | K1: NUMERADOR ABRIL | L1: DENOMINADOR ABRIL | M1: RESULTADO ABRIL | N1: NUMERADOR MAYO | O1: DENOMINADOR MAYO | P1: RESULTADO MAYO | Q1: NUMERADOR JUNIO | R1: DENOMINADOR JUNIO | S1: RESULTADO JUNIO | T1: NUMERADOR JULIO | U1: DENOMINADOR JULIO | V1: RESULTADO JULIO | W1: NUMERADOR AGOSTO | X1: DENOMINADOR AGOSTO | Y1: RESULTADO AGOSTO | Z1: NUMERADOR SEPT | AA1: DENOMINADOR SEPT | AB1: RESULTADO SEPT | AC1: NUMERADOR OCT | AD1: DENOMINADOR OCT | AE1: RESULTADO OCT | AF1: NUMERADOR NOV | AG1: DENOMINADOR NOV | AH1: RESULTADO NOV | AI1: NUMERADOR DIC | AJ1: DENOMINADOR DIC | AK1: RESULTADO DIC | AL1: NUMERADOR ANUAL | AM1: DENOMINADOR ANUAL | AN1: RESULTADO ANUAL | AO1: TOTAL AÑO | AP1: TOTAL ESPECIALIDADES | AQ1: CUMPLIMIENTO | AR1: META INDICADOR | AS1: % NSP
A2: Pediatría | B2: =[4]A07!$V$71+[4]A32!$W$35 -> 42 | C2: ='1,6 CN'!C2-'1,6 CN'!B2 -> 147 | D2: =IFERROR(B2/C2,"") -> 0.28571429 | E2: =[5]A07!$V$71+[5]A32!$W$35 -> 28 | F2: ='1,6 CN'!F2-'1,6 CN'!E2 -> 196 | G2: =IFERROR(E2/F2,"") -> 0.14285714 | H2: =[6]A07!$V$71+[6]A32!$W$35 -> 30 | I2: ='1,6 CN'!I2-'1,6 CN'!H2 -> 284 | J2: =IFERROR(H2/I2,"") -> 0.1056338 | K2: =[7]A07!$V$71+[7]A32!$W$35 -> 38 | L2: ='1,6 CN'!L2-'1,6 CN'!K2 -> 280 | M2: =IFERROR(K2/L2,"") -> 0.13571429 | N2: =[8]A07!$V$71+[8]A32!$W$35 -> 35 | O2: ='1,6 CN'!O2-'1,6 CN'!N2 -> 218 | P2: =N2/O2 -> 0.16055046 | S2: =Q2/R2 -> #DIV/0! | V2: =T2/U2 -> #DIV/0! | Y2: =W2/X2 -> #DIV/0! | AB2: =Z2/AA2 -> #DIV/0! | AE2: =AC2/AD2 -> #DIV/0! | AH2: =AF2/AG2 -> #DIV/0! | AK2: =+AI2/AJ2 -> #DIV/0! | AL2: =B2+E2+H2+K2+N2 -> 173 | AM2: =C2+F2+I2+L2+O2 -> 1125 | AN2: =IFERROR(AL2/AM2,"") -> 0.15377778 | AO2: =IF(AN2<10%,"1","0") -> 0 | AS2: <10%
A3: Medicina Interna | B3: =[4]A07!$V$72+[4]A32!$W$36 -> 40 | C3: ='1,6 CN'!C3-'1,6 CN'!B3 -> 464 | D3: =IFERROR(B3/C3,"") -> 0.086206897 | E3: =[5]A07!$V$72+[5]A32!$W$36 -> 34 | F3: ='1,6 CN'!F3-'1,6 CN'!E3 -> 374 | G3: =IFERROR(E3/F3,"") -> 0.090909091 | H3: =[6]A07!$V$72+[6]A32!$W$36 -> 22 | I3: ='1,6 CN'!I3-'1,6 CN'!H3 -> 289 | J3: =IFERROR(H3/I3,"") -> 0.076124567 | K3: =[7]A07!$V$72+[7]A32!$W$36 -> 45 | L3: ='1,6 CN'!L3-'1,6 CN'!K3 -> 465 | M3: =IFERROR(K3/L3,"") -> 0.096774194 | N3: =[8]A07!$V$72+[8]A32!$W$36 -> 34 | O3: ='1,6 CN'!O3-'1,6 CN'!N3 -> 356 | P3: =N3/O3 -> 0.095505618 | S3: =Q3/R3 -> #DIV/0! | V3: =T3/U3 -> #DIV/0! | Y3: =W3/X3 -> #DIV/0! | AB3: =Z3/AA3 -> #DIV/0! | AE3: =AC3/AD3 -> #DIV/0! | AH3: =AF3/AG3 -> #DIV/0! | AK3: =+AI3/AJ3 -> #DIV/0! | AL3: =B3+E3+H3+K3+N3 -> 175 | AM3: =C3+F3+I3+L3+O3 -> 1948 | AN3: =IFERROR(AL3/AM3,"") -> 0.089835729 | AO3: =IF(AN3<10%,"1","0") -> 1 | AS3: <10%
A4: Neonatología | B4: =[4]A07!$V$73+[4]A32!$W$37 -> 0 | C4: ='1,6 CN'!C4-'1,6 CN'!B4 -> 0 | D4: =IFERROR(B4/C4,"") | E4: =[5]A07!$V$73+[5]A32!$W$37 -> 0 | F4: ='1,6 CN'!F4-'1,6 CN'!E4 -> 0 | G4: =IFERROR(E4/F4,"") | H4: =[6]A07!$V$73+[6]A32!$W$37 -> 0 | I4: ='1,6 CN'!I4-'1,6 CN'!H4 -> 0 | J4: =IFERROR(H4/I4,"") | K4: =[7]A07!$V$73+[7]A32!$W$37 -> 0 | L4: ='1,6 CN'!L4-'1,6 CN'!K4 -> 0 | M4: =IFERROR(K4/L4,"") | N4: =[8]A07!$V$73+[8]A32!$W$37 -> 0 | O4: ='1,6 CN'!O4-'1,6 CN'!N4 -> 0 | P4: =N4/O4 -> #DIV/0! | S4: =Q4/R4 -> #DIV/0! | V4: =T4/U4 -> #DIV/0! | Y4: =W4/X4 -> #DIV/0! | AB4: =Z4/AA4 -> #DIV/0! | AE4: =AC4/AD4 -> #DIV/0! | AH4: =AF4/AG4 -> #DIV/0! | AK4: =+AI4/AJ4 -> #DIV/0! | AL4: =B4+E4+H4+K4+N4 -> 0 | AM4: =C4+F4+I4+L4+O4 -> 0 | AN4: =IFERROR(AL4/AM4,"") | AO4: =IF(AN4<10%,"1","0") -> 0 | AS4: <10%
A5: Enfermedad Respiratoria Pediátrica (Broncopulmonar Infantil) | B5: =[4]A07!$V$74+[4]A32!$W$38 -> 0 | C5: ='1,6 CN'!C5-'1,6 CN'!B5 -> 0 | D5: =IFERROR(B5/C5,"") | E5: =[5]A07!$V$74+[5]A32!$W$38 -> 0 | F5: ='1,6 CN'!F5-'1,6 CN'!E5 -> 0 | G5: =IFERROR(E5/F5,"") | H5: =[6]A07!$V$74+[6]A32!$W$38 -> 0 | I5: ='1,6 CN'!I5-'1,6 CN'!H5 -> 0 | J5: =IFERROR(H5/I5,"") | K5: =[7]A07!$V$74+[7]A32!$W$38 -> 0 | L5: ='1,6 CN'!L5-'1,6 CN'!K5 -> 0 | M5: =IFERROR(K5/L5,"") | N5: =[8]A07!$V$74+[8]A32!$W$38 -> 0 | O5: ='1,6 CN'!O5-'1,6 CN'!N5 -> 0 | P5: =N5/O5 -> #DIV/0! | S5: =Q5/R5 -> #DIV/0! | V5: =T5/U5 -> #DIV/0! | Y5: =W5/X5 -> #DIV/0! | AB5: =Z5/AA5 -> #DIV/0! | AE5: =AC5/AD5 -> #DIV/0! | AH5: =AF5/AG5 -> #DIV/0! | AK5: =+AI5/AJ5 -> #DIV/0! | AL5: =B5+E5+H5+K5+N5 -> 0 | AM5: =C5+F5+I5+L5+O5 -> 0 | AN5: =IFERROR(AL5/AM5,"") | AO5: =IF(AN5<10%,"1","0") -> 0 | AS5: <10%
A6: Enfermedad Respiratoria de Adulto (Broncopulmonar) | B6: =[4]A07!$V$75+[4]A32!$W$39 -> 0 | C6: ='1,6 CN'!C6-'1,6 CN'!B6 -> 0 | D6: =IFERROR(B6/C6,"") | E6: =[5]A07!$V$75+[5]A32!$W$39 -> 0 | F6: ='1,6 CN'!F6-'1,6 CN'!E6 -> 0 | G6: =IFERROR(E6/F6,"") | H6: =[6]A07!$V$75+[6]A32!$W$39 -> 0 | I6: ='1,6 CN'!I6-'1,6 CN'!H6 -> 0 | J6: =IFERROR(H6/I6,"") | K6: =[7]A07!$V$75+[7]A32!$W$39 -> 0 | L6: ='1,6 CN'!L6-'1,6 CN'!K6 -> 0 | M6: =IFERROR(K6/L6,"") | N6: =[8]A07!$V$75+[8]A32!$W$39 -> 0 | O6: ='1,6 CN'!O6-'1,6 CN'!N6 -> 0 | P6: =N6/O6 -> #DIV/0! | S6: =Q6/R6 -> #DIV/0! | V6: =T6/U6 -> #DIV/0! | Y6: =W6/X6 -> #DIV/0! | AB6: =Z6/AA6 -> #DIV/0! | AE6: =AC6/AD6 -> #DIV/0! | AH6: =AF6/AG6 -> #DIV/0! | AK6: =+AI6/AJ6 -> #DIV/0! | AL6: =B6+E6+H6+K6+N6 -> 0 | AM6: =C6+F6+I6+L6+O6 -> 0 | AN6: =IFERROR(AL6/AM6,"") | AO6: =IF(AN6<10%,"1","0") -> 0 | AS6: <10%
A7: Cardiología | B7: =[4]A07!$V$76+[4]A32!$W$40 -> 5 | C7: ='1,6 CN'!C7-'1,6 CN'!B7 -> 24 | D7: =IFERROR(B7/C7,"") -> 0.20833333 | E7: =[5]A07!$V$76+[5]A32!$W$40 -> 2 | F7: ='1,6 CN'!F7-'1,6 CN'!E7 -> 12 | G7: =IFERROR(E7/F7,"") -> 0.16666667 | H7: =[6]A07!$V$76+[6]A32!$W$40 -> 1 | I7: ='1,6 CN'!I7-'1,6 CN'!H7 -> 28 | J7: =IFERROR(H7/I7,"") -> 0.035714286 | K7: =[7]A07!$V$76+[7]A32!$W$40 -> 1 | L7: ='1,6 CN'!L7-'1,6 CN'!K7 -> 27 | M7: =IFERROR(K7/L7,"") -> 0.037037037 | N7: =[8]A07!$V$76+[8]A32!$W$40 -> 1 | O7: ='1,6 CN'!O7-'1,6 CN'!N7 -> 27 | P7: =N7/O7 -> 0.037037037 | S7: =Q7/R7 -> #DIV/0! | V7: =T7/U7 -> #DIV/0! | Y7: =W7/X7 -> #DIV/0! | AB7: =Z7/AA7 -> #DIV/0! | AE7: =AC7/AD7 -> #DIV/0! | AH7: =AF7/AG7 -> #DIV/0! | AK7: =+AI7/AJ7 -> #DIV/0! | AL7: =B7+E7+H7+K7+N7 -> 10 | AM7: =C7+F7+I7+L7+O7 -> 118 | AN7: =IFERROR(AL7/AM7,"") -> 0.084745763 | AO7: =IF(AN7<10%,"1","0") -> 1 | AS7: <10%
A8: Mastología | B8: =[4]A07!$V$77+[4]A32!$W$41 -> 11 | C8: ='1,6 CN'!C8-'1,6 CN'!B8 -> 182 | D8: =IFERROR(B8/C8,"") -> 0.06043956 | E8: =[5]A07!$V$77+[5]A32!$W$41 -> 1 | F8: ='1,6 CN'!F8-'1,6 CN'!E8 -> 148 | G8: =IFERROR(E8/F8,"") -> 0.0067567568 | H8: =[6]A07!$V$77+[6]A32!$W$41 -> 11 | I8: ='1,6 CN'!I8-'1,6 CN'!H8 -> 173 | J8: =IFERROR(H8/I8,"") -> 0.063583815 | K8: =[7]A07!$V$77+[7]A32!$W$41 -> 9 | L8: ='1,6 CN'!L8-'1,6 CN'!K8 -> 171 | M8: =IFERROR(K8/L8,"") -> 0.052631579 | N8: =[8]A07!$V$77+[8]A32!$W$41 -> 8 | O8: ='1,6 CN'!O8-'1,6 CN'!N8 -> 181 | P8: =N8/O8 -> 0.044198895 | S8: =Q8/R8 -> #DIV/0! | V8: =T8/U8 -> #DIV/0! | Y8: =W8/X8 -> #DIV/0! | AB8: =Z8/AA8 -> #DIV/0! | AE8: =AC8/AD8 -> #DIV/0! | AH8: =AF8/AG8 -> #DIV/0! | AK8: =+AI8/AJ8 -> #DIV/0! | AL8: =B8+E8+H8+K8+N8 -> 40 | AM8: =C8+F8+I8+L8+O8 -> 855 | AN8: =IFERROR(AL8/AM8,"") -> 0.046783626 | AO8: =IF(AN8<10%,"1","0") -> 1 | AS8: <10%
A9: Endocrinología Pediátrica | B9: =[4]A07!$V$78+[4]A32!$W$42 -> 2 | C9: ='1,6 CN'!C9-'1,6 CN'!B9 -> 71 | D9: =IFERROR(B9/C9,"") -> 0.028169014 | E9: =[5]A07!$V$78+[5]A32!$W$42 -> 2 | F9: ='1,6 CN'!F9-'1,6 CN'!E9 -> 77 | G9: =IFERROR(E9/F9,"") -> 0.025974026 | H9: =[6]A07!$V$78+[6]A32!$W$42 -> 0 | I9: ='1,6 CN'!I9-'1,6 CN'!H9 -> 68 | J9: =IFERROR(H9/I9,"") -> 0 | K9: =[7]A07!$V$78+[7]A32!$W$42 -> 3 | L9: ='1,6 CN'!L9-'1,6 CN'!K9 -> 66 | M9: =IFERROR(K9/L9,"") -> 0.045454545 | N9: =[8]A07!$V$78+[8]A32!$W$42 -> 2 | O9: ='1,6 CN'!O9-'1,6 CN'!N9 -> 61 | P9: =N9/O9 -> 0.032786885 | S9: =Q9/R9 -> #DIV/0! | V9: =T9/U9 -> #DIV/0! | Y9: =W9/X9 -> #DIV/0! | AB9: =Z9/AA9 -> #DIV/0! | AE9: =AC9/AD9 -> #DIV/0! | AH9: =AF9/AG9 -> #DIV/0! | AK9: =+AI9/AJ9 -> #DIV/0! | AL9: =B9+E9+H9+K9+N9 -> 9 | AM9: =C9+F9+I9+L9+O9 -> 343 | AN9: =IFERROR(AL9/AM9,"") -> 0.026239067 | AO9: =IF(AN9<10%,"1","0") -> 1 | AS9: <10%
A10: Endocrinología Adulto | B10: =[4]A07!$V$79+[4]A32!$W$43 -> 0 | C10: ='1,6 CN'!C10-'1,6 CN'!B10 -> 0 | D10: =IFERROR(B10/C10,"") | E10: =[5]A07!$V$79+[5]A32!$W$43 -> 0 | F10: ='1,6 CN'!F10-'1,6 CN'!E10 -> 0 | G10: =IFERROR(E10/F10,"") | H10: =[6]A07!$V$79+[6]A32!$W$43 -> 0 | I10: ='1,6 CN'!I10-'1,6 CN'!H10 -> 0 | J10: =IFERROR(H10/I10,"") | K10: =[7]A07!$V$79+[7]A32!$W$43 -> 0 | L10: ='1,6 CN'!L10-'1,6 CN'!K10 -> 0 | M10: =IFERROR(K10/L10,"") | N10: =[8]A07!$V$79+[8]A32!$W$43 -> 0 | O10: ='1,6 CN'!O10-'1,6 CN'!N10 -> 0 | P10: =N10/O10 -> #DIV/0! | S10: =Q10/R10 -> #DIV/0! | V10: =T10/U10 -> #DIV/0! | Y10: =W10/X10 -> #DIV/0! | AB10: =Z10/AA10 -> #DIV/0! | AE10: =AC10/AD10 -> #DIV/0! | AH10: =AF10/AG10 -> #DIV/0! | AK10: =+AI10/AJ10 -> #DIV/0! | AL10: =B10+E10+H10+K10+N10 -> 0 | AM10: =C10+F10+I10+L10+O10 -> 0 | AN10: =IFERROR(AL10/AM10,"") | AO10: =IF(AN10<10%,"1","0") -> 0 | AS10: <10%
A11: Gastroenterología Pediátrica | B11: =[4]A07!$V$80+[4]A32!$W$44 -> 0 | C11: ='1,6 CN'!C11-'1,6 CN'!B11 -> 0 | D11: =IFERROR(B11/C11,"") | E11: =[5]A07!$V$80+[5]A32!$W$44 -> 0 | F11: ='1,6 CN'!F11-'1,6 CN'!E11 -> 0 | G11: =IFERROR(E11/F11,"") | H11: =[6]A07!$V$80+[6]A32!$W$44 -> 0 | I11: ='1,6 CN'!I11-'1,6 CN'!H11 -> 0 | J11: =IFERROR(H11/I11,"") | K11: =[7]A07!$V$80+[7]A32!$W$44 -> 0 | L11: ='1,6 CN'!L11-'1,6 CN'!K11 -> 0 | M11: =IFERROR(K11/L11,"") | N11: =[8]A07!$V$80+[8]A32!$W$44 -> 0 | O11: ='1,6 CN'!O11-'1,6 CN'!N11 -> 0 | P11: =N11/O11 -> #DIV/0! | S11: =Q11/R11 -> #DIV/0! | V11: =T11/U11 -> #DIV/0! | Y11: =W11/X11 -> #DIV/0! | AB11: =Z11/AA11 -> #DIV/0! | AE11: =AC11/AD11 -> #DIV/0! | AH11: =AF11/AG11 -> #DIV/0! | AK11: =+AI11/AJ11 -> #DIV/0! | AL11: =B11+E11+H11+K11+N11 -> 0 | AM11: =C11+F11+I11+L11+O11 -> 0 | AN11: =IFERROR(AL11/AM11,"") | AO11: =IF(AN11<10%,"1","0") -> 0 | AS11: <10%
A12: Gastroenterología Adulto | B12: =[4]A07!$V$81+[4]A32!$W$45 -> 1 | C12: ='1,6 CN'!C12-'1,6 CN'!B12 -> 5 | D12: =IFERROR(B12/C12,"") -> 0.2 | E12: =[5]A07!$V$81+[5]A32!$W$45 -> 0 | F12: ='1,6 CN'!F12-'1,6 CN'!E12 -> 0 | G12: =IFERROR(E12/F12,"") | H12: =[6]A07!$V$81+[6]A32!$W$45 -> 4 | I12: ='1,6 CN'!I12-'1,6 CN'!H12 -> 22 | J12: =IFERROR(H12/I12,"") -> 0.18181818 | K12: =[7]A07!$V$81+[7]A32!$W$45 -> 1 | L12: ='1,6 CN'!L12-'1,6 CN'!K12 -> 16 | M12: =IFERROR(K12/L12,"") -> 0.0625 | N12: =[8]A07!$V$81+[8]A32!$W$45 -> 1 | O12: ='1,6 CN'!O12-'1,6 CN'!N12 -> 9 | P12: =N12/O12 -> 0.11111111 | S12: =Q12/R12 -> #DIV/0! | V12: =T12/U12 -> #DIV/0! | Y12: =W12/X12 -> #DIV/0! | AB12: =Z12/AA12 -> #DIV/0! | AE12: =AC12/AD12 -> #DIV/0! | AH12: =AF12/AG12 -> #DIV/0! | AK12: =+AI12/AJ12 -> #DIV/0! | AL12: =B12+E12+H12+K12+N12 -> 7 | AM12: =C12+F12+I12+L12+O12 -> 52 | AN12: =IFERROR(AL12/AM12,"") -> 0.13461538 | AO12: =IF(AN12<10%,"1","0") -> 0 | AS12: <10%
A13: Genética Clínica | B13: =[4]A07!$V$82+[4]A32!$W$46 -> 0 | C13: ='1,6 CN'!C13-'1,6 CN'!B13 -> 0 | D13: =IFERROR(B13/C13,"") | E13: =[5]A07!$V$82+[5]A32!$W$46 -> 0 | F13: ='1,6 CN'!F13-'1,6 CN'!E13 -> 0 | G13: =IFERROR(E13/F13,"") | H13: =[6]A07!$V$82+[6]A32!$W$46 -> 0 | I13: ='1,6 CN'!I13-'1,6 CN'!H13 -> 0 | J13: =IFERROR(H13/I13,"") | K13: =[7]A07!$V$82+[7]A32!$W$46 -> 0 | L13: ='1,6 CN'!L13-'1,6 CN'!K13 -> 0 | M13: =IFERROR(K13/L13,"") | N13: =[8]A07!$V$82+[8]A32!$W$46 -> 0 | O13: ='1,6 CN'!O13-'1,6 CN'!N13 -> 0 | P13: =N13/O13 -> #DIV/0! | S13: =Q13/R13 -> #DIV/0! | V13: =T13/U13 -> #DIV/0! | Y13: =W13/X13 -> #DIV/0! | AB13: =Z13/AA13 -> #DIV/0! | AE13: =AC13/AD13 -> #DIV/0! | AH13: =AF13/AG13 -> #DIV/0! | AK13: =+AI13/AJ13 -> #DIV/0! | AL13: =B13+E13+H13+K13+N13 -> 0 | AM13: =C13+F13+I13+L13+O13 -> 0 | AN13: =IFERROR(AL13/AM13,"") | AO13: =IF(AN13<10%,"1","0") -> 0 | AS13: <10%
A14: Hematología | B14: =[4]A07!$V$83+[4]A32!$W$47 -> 0 | C14: ='1,6 CN'!C14-'1,6 CN'!B14 -> 0 | D14: =IFERROR(B14/C14,"") | E14: =[5]A07!$V$83+[5]A32!$W$47 -> 0 | F14: ='1,6 CN'!F14-'1,6 CN'!E14 -> 0 | G14: =IFERROR(E14/F14,"") | H14: =[6]A07!$V$83+[6]A32!$W$47 -> 0 | I14: ='1,6 CN'!I14-'1,6 CN'!H14 -> 0 | J14: =IFERROR(H14/I14,"") | K14: =[7]A07!$V$83+[7]A32!$W$47 -> 0 | L14: ='1,6 CN'!L14-'1,6 CN'!K14 -> 0 | M14: =IFERROR(K14/L14,"") | N14: =[8]A07!$V$83+[8]A32!$W$47 -> 0 | O14: ='1,6 CN'!O14-'1,6 CN'!N14 -> 0 | P14: =N14/O14 -> #DIV/0! | S14: =Q14/R14 -> #DIV/0! | V14: =T14/U14 -> #DIV/0! | Y14: =W14/X14 -> #DIV/0! | AB14: =Z14/AA14 -> #DIV/0! | AE14: =AC14/AD14 -> #DIV/0! | AH14: =AF14/AG14 -> #DIV/0! | AK14: =+AI14/AJ14 -> #DIV/0! | AL14: =B14+E14+H14+K14+N14 -> 0 | AM14: =C14+F14+I14+L14+O14 -> 0 | AN14: =IFERROR(AL14/AM14,"") | AO14: =IF(AN14<10%,"1","0") -> 0 | AS14: <10%
A15: Medicina del adolescente | B15: =[4]A07!$V$84+[4]A32!$W$48 -> 0 | C15: ='1,6 CN'!C15-'1,6 CN'!B15 -> 0 | D15: =IFERROR(B15/C15,"") | E15: =[5]A07!$V$84+[5]A32!$W$48 -> 0 | F15: ='1,6 CN'!F15-'1,6 CN'!E15 -> 0 | G15: =IFERROR(E15/F15,"") | H15: =[6]A07!$V$84+[6]A32!$W$48 -> 0 | I15: ='1,6 CN'!I15-'1,6 CN'!H15 -> 0 | J15: =IFERROR(H15/I15,"") | K15: =[7]A07!$V$84+[7]A32!$W$48 -> 0 | L15: ='1,6 CN'!L15-'1,6 CN'!K15 -> 0 | M15: =IFERROR(K15/L15,"") | N15: =[8]A07!$V$84+[8]A32!$W$48 -> 0 | O15: ='1,6 CN'!O15-'1,6 CN'!N15 -> 0 | P15: =N15/O15 -> #DIV/0! | S15: =Q15/R15 -> #DIV/0! | V15: =T15/U15 -> #DIV/0! | Y15: =W15/X15 -> #DIV/0! | AB15: =Z15/AA15 -> #DIV/0! | AE15: =AC15/AD15 -> #DIV/0! | AH15: =AF15/AG15 -> #DIV/0! | AK15: =+AI15/AJ15 -> #DIV/0! | AL15: =B15+E15+H15+K15+N15 -> 0 | AM15: =C15+F15+I15+L15+O15 -> 0 | AN15: =IFERROR(AL15/AM15,"") | AO15: =IF(AN15<10%,"1","0") -> 0 | AS15: <10%
A16: Nefrología Pediátrica | B16: =[4]A07!$V$85+[4]A32!$W$49 -> 0 | C16: ='1,6 CN'!C16-'1,6 CN'!B16 -> 0 | D16: =IFERROR(B16/C16,"") | E16: =[5]A07!$V$85+[5]A32!$W$49 -> 0 | F16: ='1,6 CN'!F16-'1,6 CN'!E16 -> 0 | G16: =IFERROR(E16/F16,"") | H16: =[6]A07!$V$85+[6]A32!$W$49 -> 0 | I16: ='1,6 CN'!I16-'1,6 CN'!H16 -> 0 | J16: =IFERROR(H16/I16,"") | K16: =[7]A07!$V$85+[7]A32!$W$49 -> 0 | L16: ='1,6 CN'!L16-'1,6 CN'!K16 -> 0 | M16: =IFERROR(K16/L16,"") | N16: =[8]A07!$V$85+[8]A32!$W$49 -> 0 | O16: ='1,6 CN'!O16-'1,6 CN'!N16 -> 0 | P16: =N16/O16 -> #DIV/0! | S16: =Q16/R16 -> #DIV/0! | V16: =T16/U16 -> #DIV/0! | Y16: =W16/X16 -> #DIV/0! | AB16: =Z16/AA16 -> #DIV/0! | AE16: =AC16/AD16 -> #DIV/0! | AH16: =AF16/AG16 -> #DIV/0! | AK16: =+AI16/AJ16 -> #DIV/0! | AL16: =B16+E16+H16+K16+N16 -> 0 | AM16: =C16+F16+I16+L16+O16 -> 0 | AN16: =IFERROR(AL16/AM16,"") | AO16: =IF(AN16<10%,"1","0") -> 0 | AS16: <10%
A17: Nefrología Adulto | B17: =[4]A07!$V$86+[4]A32!$W$50 -> 0 | C17: ='1,6 CN'!C17-'1,6 CN'!B17 -> 4 | D17: =IFERROR(B17/C17,"") -> 0 | E17: =[5]A07!$V$86+[5]A32!$W$50 -> 0 | F17: ='1,6 CN'!F17-'1,6 CN'!E17 -> 0 | G17: =IFERROR(E17/F17,"") | H17: =[6]A07!$V$86+[6]A32!$W$50 -> 0 | I17: ='1,6 CN'!I17-'1,6 CN'!H17 -> 13 | J17: =IFERROR(H17/I17,"") -> 0 | K17: =[7]A07!$V$86+[7]A32!$W$50 -> 0 | L17: ='1,6 CN'!L17-'1,6 CN'!K17 -> 21 | M17: =IFERROR(K17/L17,"") -> 0 | N17: =[8]A07!$V$86+[8]A32!$W$50 -> 0 | O17: ='1,6 CN'!O17-'1,6 CN'!N17 -> 0 | P17: =N17/O17 -> #DIV/0! | S17: =Q17/R17 -> #DIV/0! | V17: =T17/U17 -> #DIV/0! | Y17: =W17/X17 -> #DIV/0! | AB17: =Z17/AA17 -> #DIV/0! | AE17: =AC17/AD17 -> #DIV/0! | AH17: =AF17/AG17 -> #DIV/0! | AK17: =+AI17/AJ17 -> #DIV/0! | AL17: =B17+E17+H17+K17+N17 -> 0 | AM17: =C17+F17+I17+L17+O17 -> 38 | AN17: =IFERROR(AL17/AM17,"") -> 0 | AO17: =IF(AN17<10%,"1","0") -> 1 | AS17: <10%
A18: Nutrición clínica | B18: =[4]A07!$V$87+[4]A32!$W$51 -> 0 | C18: ='1,6 CN'!C18-'1,6 CN'!B18 -> 0 | D18: =IFERROR(B18/C18,"") | E18: =[5]A07!$V$87+[5]A32!$W$51 -> 0 | F18: ='1,6 CN'!F18-'1,6 CN'!E18 -> 0 | G18: =IFERROR(E18/F18,"") | H18: =[6]A07!$V$87+[6]A32!$W$51 -> 0 | I18: ='1,6 CN'!I18-'1,6 CN'!H18 -> 0 | J18: =IFERROR(H18/I18,"") | K18: =[7]A07!$V$87+[7]A32!$W$51 -> 0 | L18: ='1,6 CN'!L18-'1,6 CN'!K18 -> 0 | M18: =IFERROR(K18/L18,"") | N18: =[8]A07!$V$87+[8]A32!$W$51 -> 0 | O18: ='1,6 CN'!O18-'1,6 CN'!N18 -> 0 | P18: =N18/O18 -> #DIV/0! | S18: =Q18/R18 -> #DIV/0! | V18: =T18/U18 -> #DIV/0! | Y18: =W18/X18 -> #DIV/0! | AB18: =Z18/AA18 -> #DIV/0! | AE18: =AC18/AD18 -> #DIV/0! | AH18: =AF18/AG18 -> #DIV/0! | AK18: =+AI18/AJ18 -> #DIV/0! | AL18: =B18+E18+H18+K18+N18 -> 0 | AM18: =C18+F18+I18+L18+O18 -> 0 | AN18: =IFERROR(AL18/AM18,"") | AO18: =IF(AN18<10%,"1","0") -> 0 | AS18: <10%
A19: Medicina Materno Infantil | B19: =[4]A07!$V$88+[4]A32!$W$52 -> 0 | C19: ='1,6 CN'!C19-'1,6 CN'!B19 -> 0 | D19: =IFERROR(B19/C19,"") | E19: =[5]A07!$V$88+[5]A32!$W$52 -> 0 | F19: ='1,6 CN'!F19-'1,6 CN'!E19 -> 0 | G19: =IFERROR(E19/F19,"") | H19: =[6]A07!$V$88+[6]A32!$W$52 -> 0 | I19: ='1,6 CN'!I19-'1,6 CN'!H19 -> 0 | J19: =IFERROR(H19/I19,"") | K19: =[7]A07!$V$88+[7]A32!$W$52 -> 0 | L19: ='1,6 CN'!L19-'1,6 CN'!K19 -> 0 | M19: =IFERROR(K19/L19,"") | N19: =[8]A07!$V$88+[8]A32!$W$52 -> 0 | O19: ='1,6 CN'!O19-'1,6 CN'!N19 -> 0 | P19: =N19/O19 -> #DIV/0! | S19: =Q19/R19 -> #DIV/0! | V19: =T19/U19 -> #DIV/0! | Y19: =W19/X19 -> #DIV/0! | AB19: =Z19/AA19 -> #DIV/0! | AE19: =AC19/AD19 -> #DIV/0! | AH19: =AF19/AG19 -> #DIV/0! | AK19: =+AI19/AJ19 -> #DIV/0! | AL19: =B19+E19+H19+K19+N19 -> 0 | AM19: =C19+F19+I19+L19+O19 -> 0 | AN19: =IFERROR(AL19/AM19,"") | AO19: =IF(AN19<10%,"1","0") -> 0 | AS19: <10%
A20: Reumatología | B20: =[4]A07!$V$89+[4]A32!$W$53 -> 0 | C20: ='1,6 CN'!C20-'1,6 CN'!B20 -> 0 | D20: =IFERROR(B20/C20,"") | E20: =[5]A07!$V$89+[5]A32!$W$53 -> 0 | F20: ='1,6 CN'!F20-'1,6 CN'!E20 -> 0 | G20: =IFERROR(E20/F20,"") | H20: =[6]A07!$V$89+[6]A32!$W$53 -> 0 | I20: ='1,6 CN'!I20-'1,6 CN'!H20 -> 0 | J20: =IFERROR(H20/I20,"") | K20: =[7]A07!$V$89+[7]A32!$W$53 -> 0 | L20: ='1,6 CN'!L20-'1,6 CN'!K20 -> 0 | M20: =IFERROR(K20/L20,"") | N20: =[8]A07!$V$89+[8]A32!$W$53 -> 0 | O20: ='1,6 CN'!O20-'1,6 CN'!N20 -> 0 | P20: =N20/O20 -> #DIV/0! | S20: =Q20/R20 -> #DIV/0! | V20: =T20/U20 -> #DIV/0! | Y20: =W20/X20 -> #DIV/0! | AB20: =Z20/AA20 -> #DIV/0! | AE20: =AC20/AD20 -> #DIV/0! | AH20: =AF20/AG20 -> #DIV/0! | AK20: =+AI20/AJ20 -> #DIV/0! | AL20: =B20+E20+H20+K20+N20 -> 0 | AM20: =C20+F20+I20+L20+O20 -> 0 | AN20: =IFERROR(AL20/AM20,"") | AO20: =IF(AN20<10%,"1","0") -> 0 | AS20: <10%
A21: Medicina Paliativa y de Manejo del Dolor | B21: =[4]A07!$V$90+[4]A32!$W$54 -> 0 | C21: ='1,6 CN'!C21-'1,6 CN'!B21 -> 0 | D21: =IFERROR(B21/C21,"") | E21: =[5]A07!$V$90+[5]A32!$W$54 -> 0 | F21: ='1,6 CN'!F21-'1,6 CN'!E21 -> 0 | G21: =IFERROR(E21/F21,"") | H21: =[6]A07!$V$90+[6]A32!$W$54 -> 0 | I21: ='1,6 CN'!I21-'1,6 CN'!H21 -> 0 | J21: =IFERROR(H21/I21,"") | K21: =[7]A07!$V$90+[7]A32!$W$54 -> 0 | L21: ='1,6 CN'!L21-'1,6 CN'!K21 -> 0 | M21: =IFERROR(K21/L21,"") | N21: =[8]A07!$V$90+[8]A32!$W$54 -> 0 | O21: ='1,6 CN'!O21-'1,6 CN'!N21 -> 0 | P21: =N21/O21 -> #DIV/0! | S21: =Q21/R21 -> #DIV/0! | V21: =T21/U21 -> #DIV/0! | Y21: =W21/X21 -> #DIV/0! | AB21: =Z21/AA21 -> #DIV/0! | AE21: =AC21/AD21 -> #DIV/0! | AH21: =AF21/AG21 -> #DIV/0! | AK21: =+AI21/AJ21 -> #DIV/0! | AL21: =B21+E21+H21+K21+N21 -> 0 | AM21: =C21+F21+I21+L21+O21 -> 0 | AN21: =IFERROR(AL21/AM21,"") | AO21: =IF(AN21<10%,"1","0") -> 0 | AS21: <10%
A22: Dermatología | B22: =[4]A07!$V$91+[4]A32!$W$55 -> 3 | C22: ='1,6 CN'!C22-'1,6 CN'!B22 -> 43 | D22: =IFERROR(B22/C22,"") -> 0.069767442 | E22: =[5]A07!$V$91+[5]A32!$W$55 -> 6 | F22: ='1,6 CN'!F22-'1,6 CN'!E22 -> 35 | G22: =IFERROR(E22/F22,"") -> 0.17142857 | H22: =[6]A07!$V$91+[6]A32!$W$55 -> 15 | I22: ='1,6 CN'!I22-'1,6 CN'!H22 -> 65 | J22: =IFERROR(H22/I22,"") -> 0.23076923 | K22: =[7]A07!$V$91+[7]A32!$W$55 -> 11 | L22: ='1,6 CN'!L22-'1,6 CN'!K22 -> 63 | M22: =IFERROR(K22/L22,"") -> 0.17460317 | N22: =[8]A07!$V$91+[8]A32!$W$55 -> 19 | O22: ='1,6 CN'!O22-'1,6 CN'!N22 -> 67 | P22: =N22/O22 -> 0.28358209 | S22: =Q22/R22 -> #DIV/0! | V22: =T22/U22 -> #DIV/0! | Y22: =W22/X22 -> #DIV/0! | AB22: =Z22/AA22 -> #DIV/0! | AE22: =AC22/AD22 -> #DIV/0! | AH22: =AF22/AG22 -> #DIV/0! | AK22: =+AI22/AJ22 -> #DIV/0! | AL22: =B22+E22+H22+K22+N22 -> 54 | AM22: =C22+F22+I22+L22+O22 -> 273 | AN22: =IFERROR(AL22/AM22,"") -> 0.1978022 | AO22: =IF(AN22<10%,"1","0") -> 0 | AS22: <10%
A23: Infectología | B23: =[4]A07!$V$92+[4]A32!$W$56 -> 0 | C23: ='1,6 CN'!C23-'1,6 CN'!B23 -> 0 | D23: =IFERROR(B23/C23,"") | E23: =[5]A07!$V$92+[5]A32!$W$56 -> 0 | F23: ='1,6 CN'!F23-'1,6 CN'!E23 -> 0 | G23: =IFERROR(E23/F23,"") | H23: =[6]A07!$V$92+[6]A32!$W$56 -> 0 | I23: ='1,6 CN'!I23-'1,6 CN'!H23 -> 0 | J23: =IFERROR(H23/I23,"") | K23: =[7]A07!$V$92+[7]A32!$W$56 -> 0 | L23: ='1,6 CN'!L23-'1,6 CN'!K23 -> 0 | M23: =IFERROR(K23/L23,"") | N23: =[8]A07!$V$92+[8]A32!$W$56 -> 0 | O23: ='1,6 CN'!O23-'1,6 CN'!N23 -> 0 | P23: =N23/O23 -> #DIV/0! | S23: =Q23/R23 -> #DIV/0! | V23: =T23/U23 -> #DIV/0! | Y23: =W23/X23 -> #DIV/0! | AB23: =Z23/AA23 -> #DIV/0! | AE23: =AC23/AD23 -> #DIV/0! | AH23: =AF23/AG23 -> #DIV/0! | AK23: =+AI23/AJ23 -> #DIV/0! | AL23: =B23+E23+H23+K23+N23 -> 0 | AM23: =C23+F23+I23+L23+O23 -> 0 | AN23: =IFERROR(AL23/AM23,"") | AO23: =IF(AN23<10%,"1","0") -> 0 | AS23: <10%
A24: Inmunología | B24: =[4]A07!$V$93+[4]A32!$W$57 -> 12 | C24: ='1,6 CN'!C24-'1,6 CN'!B24 -> 83 | D24: =IFERROR(B24/C24,"") -> 0.14457831 | E24: =[5]A07!$V$93+[5]A32!$W$57 -> 6 | F24: ='1,6 CN'!F24-'1,6 CN'!E24 -> 85 | G24: =IFERROR(E24/F24,"") -> 0.070588235 | H24: =[6]A07!$V$93+[6]A32!$W$57 -> 12 | I24: ='1,6 CN'!I24-'1,6 CN'!H24 -> 119 | J24: =IFERROR(H24/I24,"") -> 0.10084034 | K24: =[7]A07!$V$93+[7]A32!$W$57 -> 11 | L24: ='1,6 CN'!L24-'1,6 CN'!K24 -> 109 | M24: =IFERROR(K24/L24,"") -> 0.10091743 | N24: =[8]A07!$V$93+[8]A32!$W$57 -> 8 | O24: ='1,6 CN'!O24-'1,6 CN'!N24 -> 112 | P24: =N24/O24 -> 0.071428571 | S24: =Q24/R24 -> #DIV/0! | V24: =T24/U24 -> #DIV/0! | Y24: =W24/X24 -> #DIV/0! | AB24: =Z24/AA24 -> #DIV/0! | AE24: =AC24/AD24 -> #DIV/0! | AH24: =AF24/AG24 -> #DIV/0! | AK24: =+AI24/AJ24 -> #DIV/0! | AL24: =B24+E24+H24+K24+N24 -> 49 | AM24: =C24+F24+I24+L24+O24 -> 508 | AN24: =IFERROR(AL24/AM24,"") -> 0.096456693 | AO24: =IF(AN24<10%,"1","0") -> 1 | AS24: <10%
A25: Geriatría | B25: =[4]A07!$V$94+[4]A32!$W$58 -> 0 | C25: ='1,6 CN'!C25-'1,6 CN'!B25 -> 0 | D25: =IFERROR(B25/C25,"") | E25: =[5]A07!$V$94+[5]A32!$W$58 -> 0 | F25: ='1,6 CN'!F25-'1,6 CN'!E25 -> 0 | G25: =IFERROR(E25/F25,"") | H25: =[6]A07!$V$94+[6]A32!$W$58 -> 0 | I25: ='1,6 CN'!I25-'1,6 CN'!H25 -> 0 | J25: =IFERROR(H25/I25,"") | K25: =[7]A07!$V$94+[7]A32!$W$58 -> 0 | L25: ='1,6 CN'!L25-'1,6 CN'!K25 -> 0 | M25: =IFERROR(K25/L25,"") | N25: =[8]A07!$V$94+[8]A32!$W$58 -> 0 | O25: ='1,6 CN'!O25-'1,6 CN'!N25 -> 0 | P25: =N25/O25 -> #DIV/0! | S25: =Q25/R25 -> #DIV/0! | V25: =T25/U25 -> #DIV/0! | Y25: =W25/X25 -> #DIV/0! | AB25: =Z25/AA25 -> #DIV/0! | AE25: =AC25/AD25 -> #DIV/0! | AH25: =AF25/AG25 -> #DIV/0! | AK25: =+AI25/AJ25 -> #DIV/0! | AL25: =B25+E25+H25+K25+N25 -> 0 | AM25: =C25+F25+I25+L25+O25 -> 0 | AN25: =IFERROR(AL25/AM25,"") | AO25: =IF(AN25<10%,"1","0") -> 0 | AS25: <10%
A26: Medicina Física y Rehabilitación | B26: =[4]A07!$V$95+[4]A32!$W$59 -> 0 | C26: ='1,6 CN'!C26-'1,6 CN'!B26 -> 0 | D26: =IFERROR(B26/C26,"") | E26: =[5]A07!$V$95+[5]A32!$W$59 -> 0 | F26: ='1,6 CN'!F26-'1,6 CN'!E26 -> 0 | G26: =IFERROR(E26/F26,"") | H26: =[6]A07!$V$95+[6]A32!$W$59 -> 0 | I26: ='1,6 CN'!I26-'1,6 CN'!H26 -> 0 | J26: =IFERROR(H26/I26,"") | K26: =[7]A07!$V$95+[7]A32!$W$59 -> 0 | L26: ='1,6 CN'!L26-'1,6 CN'!K26 -> 0 | M26: =IFERROR(K26/L26,"") | N26: =[8]A07!$V$95+[8]A32!$W$59 -> 0 | O26: ='1,6 CN'!O26-'1,6 CN'!N26 -> 0 | P26: =N26/O26 -> #DIV/0! | S26: =Q26/R26 -> #DIV/0! | V26: =T26/U26 -> #DIV/0! | Y26: =W26/X26 -> #DIV/0! | AB26: =Z26/AA26 -> #DIV/0! | AE26: =AC26/AD26 -> #DIV/0! | AH26: =AF26/AG26 -> #DIV/0! | AK26: =+AI26/AJ26 -> #DIV/0! | AL26: =B26+E26+H26+K26+N26 -> 0 | AM26: =C26+F26+I26+L26+O26 -> 0 | AN26: =IFERROR(AL26/AM26,"") | AO26: =IF(AN26<10%,"1","0") -> 0 | AS26: <10%
A27: Medicina Reproductiva e Infertilidad | B27: =[4]A07!$V$96+[4]A32!$W$60 -> 0 | C27: ='1,6 CN'!C27-'1,6 CN'!B27 -> 0 | D27: =IFERROR(B27/C27,"") | E27: =[5]A07!$V$96+[5]A32!$W$60 -> 0 | F27: ='1,6 CN'!F27-'1,6 CN'!E27 -> 0 | G27: =IFERROR(E27/F27,"") | H27: =[6]A07!$V$96+[6]A32!$W$60 -> 0 | I27: ='1,6 CN'!I27-'1,6 CN'!H27 -> 0 | J27: =IFERROR(H27/I27,"") | K27: =[7]A07!$V$96+[7]A32!$W$60 -> 0 | L27: ='1,6 CN'!L27-'1,6 CN'!K27 -> 0 | M27: =IFERROR(K27/L27,"") | N27: =[8]A07!$V$96+[8]A32!$W$60 -> 0 | O27: ='1,6 CN'!O27-'1,6 CN'!N27 -> 0 | P27: =N27/O27 -> #DIV/0! | S27: =Q27/R27 -> #DIV/0! | V27: =T27/U27 -> #DIV/0! | Y27: =W27/X27 -> #DIV/0! | AB27: =Z27/AA27 -> #DIV/0! | AE27: =AC27/AD27 -> #DIV/0! | AH27: =AF27/AG27 -> #DIV/0! | AK27: =+AI27/AJ27 -> #DIV/0! | AL27: =B27+E27+H27+K27+N27 -> 0 | AM27: =C27+F27+I27+L27+O27 -> 0 | AN27: =IFERROR(AL27/AM27,"") | AO27: =IF(AN27<10%,"1","0") -> 0 | AS27: <10%
A28: Neurología Pediátrica | B28: =[4]A07!$V$97+[4]A32!$W$61 -> 6 | C28: ='1,6 CN'!C28-'1,6 CN'!B28 -> 86 | D28: =IFERROR(B28/C28,"") -> 0.069767442 | E28: =[5]A07!$V$97+[5]A32!$W$61 -> 1 | F28: ='1,6 CN'!F28-'1,6 CN'!E28 -> 47 | G28: =IFERROR(E28/F28,"") -> 0.021276596 | H28: =[6]A07!$V$97+[6]A32!$W$61 -> 5 | I28: ='1,6 CN'!I28-'1,6 CN'!H28 -> 89 | J28: =IFERROR(H28/I28,"") -> 0.056179775 | K28: =[7]A07!$V$97+[7]A32!$W$61 -> 6 | L28: ='1,6 CN'!L28-'1,6 CN'!K28 -> 81 | M28: =IFERROR(K28/L28,"") -> 0.074074074 | N28: =[8]A07!$V$97+[8]A32!$W$61 -> 5 | O28: ='1,6 CN'!O28-'1,6 CN'!N28 -> 85 | P28: =N28/O28 -> 0.058823529 | S28: =Q28/R28 -> #DIV/0! | V28: =T28/U28 -> #DIV/0! | Y28: =W28/X28 -> #DIV/0! | AB28: =Z28/AA28 -> #DIV/0! | AE28: =AC28/AD28 -> #DIV/0! | AH28: =AF28/AG28 -> #DIV/0! | AK28: =+AI28/AJ28 -> #DIV/0! | AL28: =B28+E28+H28+K28+N28 -> 23 | AM28: =C28+F28+I28+L28+O28 -> 388 | AN28: =IFERROR(AL28/AM28,"") -> 0.059278351 | AO28: =IF(AN28<10%,"1","0") -> 1 | AS28: <10%
A29: Neurología Adulto | B29: =[4]A07!$V$98+[4]A32!$W$62 -> 19 | C29: ='1,6 CN'!C29-'1,6 CN'!B29 -> 193 | D29: =IFERROR(B29/C29,"") -> 0.098445596 | E29: =[5]A07!$V$98+[5]A32!$W$62 -> 20 | F29: ='1,6 CN'!F29-'1,6 CN'!E29 -> 158 | G29: =IFERROR(E29/F29,"") -> 0.12658228 | H29: =[6]A07!$V$98+[6]A32!$W$62 -> 10 | I29: ='1,6 CN'!I29-'1,6 CN'!H29 -> 105 | J29: =IFERROR(H29/I29,"") -> 0.095238095 | K29: =[7]A07!$V$98+[7]A32!$W$62 -> 12 | L29: ='1,6 CN'!L29-'1,6 CN'!K29 -> 186 | M29: =IFERROR(K29/L29,"") -> 0.064516129 | N29: =[8]A07!$V$98+[8]A32!$W$62 -> 14 | O29: ='1,6 CN'!O29-'1,6 CN'!N29 -> 154 | P29: =N29/O29 -> 0.090909091 | S29: =Q29/R29 -> #DIV/0! | V29: =T29/U29 -> #DIV/0! | Y29: =W29/X29 -> #DIV/0! | AB29: =Z29/AA29 -> #DIV/0! | AE29: =AC29/AD29 -> #DIV/0! | AH29: =AF29/AG29 -> #DIV/0! | AK29: =+AI29/AJ29 -> #DIV/0! | AL29: =B29+E29+H29+K29+N29 -> 75 | AM29: =C29+F29+I29+L29+O29 -> 796 | AN29: =IFERROR(AL29/AM29,"") -> 0.094221106 | AO29: =IF(AN29<10%,"1","0") -> 1 | AS29: <10%
A30: Oncología Médica | B30: =[4]A07!$V$99+[4]A32!$W$63 -> 0 | C30: ='1,6 CN'!C30-'1,6 CN'!B30 -> 0 | D30: =IFERROR(B30/C30,"") | E30: =[5]A07!$V$99+[5]A32!$W$63 -> 0 | F30: ='1,6 CN'!F30-'1,6 CN'!E30 -> 0 | G30: =IFERROR(E30/F30,"") | H30: =[6]A07!$V$99+[6]A32!$W$63 -> 0 | I30: ='1,6 CN'!I30-'1,6 CN'!H30 -> 0 | J30: =IFERROR(H30/I30,"") | K30: =[7]A07!$V$99+[7]A32!$W$63 -> 0 | L30: ='1,6 CN'!L30-'1,6 CN'!K30 -> 0 | M30: =IFERROR(K30/L30,"") | N30: =[8]A07!$V$99+[8]A32!$W$63 -> 0 | O30: ='1,6 CN'!O30-'1,6 CN'!N30 -> 0 | P30: =N30/O30 -> #DIV/0! | S30: =Q30/R30 -> #DIV/0! | V30: =T30/U30 -> #DIV/0! | Y30: =W30/X30 -> #DIV/0! | AB30: =Z30/AA30 -> #DIV/0! | AE30: =AC30/AD30 -> #DIV/0! | AH30: =AF30/AG30 -> #DIV/0! | AK30: =+AI30/AJ30 -> #DIV/0! | AL30: =B30+E30+H30+K30+N30 -> 0 | AM30: =C30+F30+I30+L30+O30 -> 0 | AN30: =IFERROR(AL30/AM30,"") | AO30: =IF(AN30<10%,"1","0") -> 0 | AS30: <10%
A31: Psiquiatría Pediátrica y de La Adolescencia | B31: =[4]A07!$V$100+[4]A32!$W$64 -> 58 | C31: ='1,6 CN'!C31-'1,6 CN'!B31 -> 317 | D31: =IFERROR(B31/C31,"") -> 0.1829653 | E31: =[5]A07!$V$100+[5]A32!$W$64 -> 42 | F31: ='1,6 CN'!F31-'1,6 CN'!E31 -> 190 | G31: =IFERROR(E31/F31,"") -> 0.22105263 | H31: =[6]A07!$V$100+[6]A32!$W$64 -> 46 | I31: ='1,6 CN'!I31-'1,6 CN'!H31 -> 277 | J31: =IFERROR(H31/I31,"") -> 0.16606498 | K31: =[7]A07!$V$100+[7]A32!$W$64 -> 33 | L31: ='1,6 CN'!L31-'1,6 CN'!K31 -> 312 | M31: =IFERROR(K31/L31,"") -> 0.10576923 | N31: =[8]A07!$V$100+[8]A32!$W$64 -> 28 | O31: ='1,6 CN'!O31-'1,6 CN'!N31 -> 262 | P31: =N31/O31 -> 0.10687023 | S31: =Q31/R31 -> #DIV/0! | V31: =T31/U31 -> #DIV/0! | Y31: =W31/X31 -> #DIV/0! | AB31: =Z31/AA31 -> #DIV/0! | AE31: =AC31/AD31 -> #DIV/0! | AH31: =AF31/AG31 -> #DIV/0! | AK31: =+AI31/AJ31 -> #DIV/0! | AL31: =B31+E31+H31+K31+N31 -> 207 | AM31: =C31+F31+I31+L31+O31 -> 1358 | AN31: =IFERROR(AL31/AM31,"") -> 0.15243004 | AO31: =IF(AN31<10%,"1","0") -> 0 | AS31: <10%
A32: Psiquiatría Adulto | B32: =[4]A07!$V$101+[4]A32!$W$65 -> 55 | C32: ='1,6 CN'!C32-'1,6 CN'!B32 -> 281 | D32: =IFERROR(B32/C32,"") -> 0.19572954 | E32: =[5]A07!$V$101+[5]A32!$W$65 -> 47 | F32: ='1,6 CN'!F32-'1,6 CN'!E32 -> 192 | G32: =IFERROR(E32/F32,"") -> 0.24479167 | H32: =[6]A07!$V$101+[6]A32!$W$65 -> 82 | I32: ='1,6 CN'!I32-'1,6 CN'!H32 -> 510 | J32: =IFERROR(H32/I32,"") -> 0.16078431 | K32: =[7]A07!$V$101+[7]A32!$W$65 -> 73 | L32: ='1,6 CN'!L32-'1,6 CN'!K32 -> 491 | M32: =IFERROR(K32/L32,"") -> 0.14867617 | N32: =[8]A07!$V$101+[8]A32!$W$65 -> 51 | O32: ='1,6 CN'!O32-'1,6 CN'!N32 -> 360 | P32: =N32/O32 -> 0.14166667 | S32: =Q32/R32 -> #DIV/0! | V32: =T32/U32 -> #DIV/0! | Y32: =W32/X32 -> #DIV/0! | AB32: =Z32/AA32 -> #DIV/0! | AE32: =AC32/AD32 -> #DIV/0! | AH32: =AF32/AG32 -> #DIV/0! | AK32: =+AI32/AJ32 -> #DIV/0! | AL32: =B32+E32+H32+K32+N32 -> 308 | AM32: =C32+F32+I32+L32+O32 -> 1834 | AN32: =IFERROR(AL32/AM32,"") -> 0.16793893 | AO32: =IF(AN32<10%,"1","0") -> 0 | AS32: <10%
A33: Cirugía Pediátrica | B33: =[4]A07!$V$102+[4]A32!$W$66 -> 35 | C33: ='1,6 CN'!C33-'1,6 CN'!B33 -> 103 | D33: =IFERROR(B33/C33,"") -> 0.33980583 | E33: =[5]A07!$V$102+[5]A32!$W$66 -> 23 | F33: ='1,6 CN'!F33-'1,6 CN'!E33 -> 104 | G33: =IFERROR(E33/F33,"") -> 0.22115385 | H33: =[6]A07!$V$102+[6]A32!$W$66 -> 20 | I33: ='1,6 CN'!I33-'1,6 CN'!H33 -> 88 | J33: =IFERROR(H33/I33,"") -> 0.22727273 | K33: =[7]A07!$V$102+[7]A32!$W$66 -> 34 | L33: ='1,6 CN'!L33-'1,6 CN'!K33 -> 148 | M33: =IFERROR(K33/L33,"") -> 0.22972973 | N33: =[8]A07!$V$102+[8]A32!$W$66 -> 14 | O33: ='1,6 CN'!O33-'1,6 CN'!N33 -> 96 | P33: =N33/O33 -> 0.14583333 | S33: =Q33/R33 -> #DIV/0! | V33: =T33/U33 -> #DIV/0! | Y33: =W33/X33 -> #DIV/0! | AB33: =Z33/AA33 -> #DIV/0! | AE33: =AC33/AD33 -> #DIV/0! | AH33: =AF33/AG33 -> #DIV/0! | AK33: =+AI33/AJ33 -> #DIV/0! | AL33: =B33+E33+H33+K33+N33 -> 126 | AM33: =C33+F33+I33+L33+O33 -> 539 | AN33: =IFERROR(AL33/AM33,"") -> 0.23376623 | AO33: =IF(AN33<10%,"1","0") -> 0 | AS33: <10%
A34: Cirugía General | B34: =[4]A07!$V$103+[4]A32!$W$67 -> 17 | C34: ='1,6 CN'!C34-'1,6 CN'!B34 -> 154 | D34: =IFERROR(B34/C34,"") -> 0.11038961 | E34: =[5]A07!$V$103+[5]A32!$W$67 -> 16 | F34: ='1,6 CN'!F34-'1,6 CN'!E34 -> 158 | G34: =IFERROR(E34/F34,"") -> 0.10126582 | H34: =[6]A07!$V$103+[6]A32!$W$67 -> 33 | I34: ='1,6 CN'!I34-'1,6 CN'!H34 -> 227 | J34: =IFERROR(H34/I34,"") -> 0.14537445 | K34: =[7]A07!$V$103+[7]A32!$W$67 -> 26 | L34: ='1,6 CN'!L34-'1,6 CN'!K34 -> 210 | M34: =IFERROR(K34/L34,"") -> 0.12380952 | N34: =[8]A07!$V$103+[8]A32!$W$67 -> 30 | O34: ='1,6 CN'!O34-'1,6 CN'!N34 -> 220 | P34: =N34/O34 -> 0.13636364 | S34: =Q34/R34 -> #DIV/0! | V34: =T34/U34 -> #DIV/0! | Y34: =W34/X34 -> #DIV/0! | AB34: =Z34/AA34 -> #DIV/0! | AE34: =AC34/AD34 -> #DIV/0! | AH34: =AF34/AG34 -> #DIV/0! | AK34: =+AI34/AJ34 -> #DIV/0! | AL34: =B34+E34+H34+K34+N34 -> 122 | AM34: =C34+F34+I34+L34+O34 -> 969 | AN34: =IFERROR(AL34/AM34,"") -> 0.12590299 | AO34: =IF(AN34<10%,"1","0") -> 0 | AS34: <10%
A35: Cirugía Digestiva (Alta) | B35: =[4]A07!$V$104+[4]A32!$W$68 -> 0 | C35: ='1,6 CN'!C35-'1,6 CN'!B35 -> 0 | D35: =IFERROR(B35/C35,"") | E35: =[5]A07!$V$104+[5]A32!$W$68 -> 1 | F35: ='1,6 CN'!F35-'1,6 CN'!E35 -> 16 | G35: =IFERROR(E35/F35,"") -> 0.0625 | H35: =[6]A07!$V$104+[6]A32!$W$68 -> 1 | I35: ='1,6 CN'!I35-'1,6 CN'!H35 -> 23 | J35: =IFERROR(H35/I35,"") -> 0.043478261 | K35: =[7]A07!$V$104+[7]A32!$W$68 -> 0 | L35: ='1,6 CN'!L35-'1,6 CN'!K35 -> 14 | M35: =IFERROR(K35/L35,"") -> 0 | N35: =[8]A07!$V$104+[8]A32!$W$68 -> 4 | O35: ='1,6 CN'!O35-'1,6 CN'!N35 -> 13 | P35: =N35/O35 -> 0.30769231 | S35: =Q35/R35 -> #DIV/0! | V35: =T35/U35 -> #DIV/0! | Y35: =W35/X35 -> #DIV/0! | AB35: =Z35/AA35 -> #DIV/0! | AE35: =AC35/AD35 -> #DIV/0! | AH35: =AF35/AG35 -> #DIV/0! | AK35: =+AI35/AJ35 -> #DIV/0! | AL35: =B35+E35+H35+K35+N35 -> 6 | AM35: =C35+F35+I35+L35+O35 -> 66 | AN35: =IFERROR(AL35/AM35,"") -> 0.090909091 | AO35: =IF(AN35<10%,"1","0") -> 1 | AS35: <10%
A36: Cirugía de Cabeza, Cuello y Maxilofacial | B36: =[4]A07!$V$105+[4]A32!$W$69 -> 0 | C36: ='1,6 CN'!C36-'1,6 CN'!B36 -> 0 | D36: =IFERROR(B36/C36,"") | E36: =[5]A07!$V$105+[5]A32!$W$69 -> 0 | F36: ='1,6 CN'!F36-'1,6 CN'!E36 -> 0 | G36: =IFERROR(E36/F36,"") | H36: =[6]A07!$V$105+[6]A32!$W$69 -> 0 | I36: ='1,6 CN'!I36-'1,6 CN'!H36 -> 0 | J36: =IFERROR(H36/I36,"") | K36: =[7]A07!$V$105+[7]A32!$W$69 -> 0 | L36: ='1,6 CN'!L36-'1,6 CN'!K36 -> 0 | M36: =IFERROR(K36/L36,"") | N36: =[8]A07!$V$105+[8]A32!$W$69 -> 0 | O36: ='1,6 CN'!O36-'1,6 CN'!N36 -> 0 | P36: =N36/O36 -> #DIV/0! | S36: =Q36/R36 -> #DIV/0! | V36: =T36/U36 -> #DIV/0! | Y36: =W36/X36 -> #DIV/0! | AB36: =Z36/AA36 -> #DIV/0! | AE36: =AC36/AD36 -> #DIV/0! | AH36: =AF36/AG36 -> #DIV/0! | AK36: =+AI36/AJ36 -> #DIV/0! | AL36: =B36+E36+H36+K36+N36 -> 0 | AM36: =C36+F36+I36+L36+O36 -> 0 | AN36: =IFERROR(AL36/AM36,"") | AO36: =IF(AN36<10%,"1","0") -> 0 | AS36: <10%
A37: Cirugía Plástica y Reparadora | B37: =[4]A07!$V$106+[4]A32!$W$70 -> 0 | C37: ='1,6 CN'!C37-'1,6 CN'!B37 -> 0 | D37: =IFERROR(B37/C37,"") | E37: =[5]A07!$V$106+[5]A32!$W$70 -> 0 | F37: ='1,6 CN'!F37-'1,6 CN'!E37 -> 0 | G37: =IFERROR(E37/F37,"") | H37: =[6]A07!$V$106+[6]A32!$W$70 -> 0 | I37: ='1,6 CN'!I37-'1,6 CN'!H37 -> 0 | J37: =IFERROR(H37/I37,"") | K37: =[7]A07!$V$106+[7]A32!$W$70 -> 0 | L37: ='1,6 CN'!L37-'1,6 CN'!K37 -> 0 | M37: =IFERROR(K37/L37,"") | N37: =[8]A07!$V$106+[8]A32!$W$70 -> 0 | O37: ='1,6 CN'!O37-'1,6 CN'!N37 -> 0 | P37: =N37/O37 -> #DIV/0! | S37: =Q37/R37 -> #DIV/0! | V37: =T37/U37 -> #DIV/0! | Y37: =W37/X37 -> #DIV/0! | AB37: =Z37/AA37 -> #DIV/0! | AE37: =AC37/AD37 -> #DIV/0! | AH37: =AF37/AG37 -> #DIV/0! | AK37: =+AI37/AJ37 -> #DIV/0! | AL37: =B37+E37+H37+K37+N37 -> 0 | AM37: =C37+F37+I37+L37+O37 -> 0 | AN37: =IFERROR(AL37/AM37,"") | AO37: =IF(AN37<10%,"1","0") -> 0 | AS37: <10%
A38: Medicina del Deporte | B38: =[4]A07!$V$107+[4]A32!$W$71 -> 0 | C38: ='1,6 CN'!C38-'1,6 CN'!B38 -> 0 | D38: =IFERROR(B38/C38,"") | E38: =[5]A07!$V$107+[5]A32!$W$71 -> 0 | F38: ='1,6 CN'!F38-'1,6 CN'!E38 -> 0 | G38: =IFERROR(E38/F38,"") | H38: =[6]A07!$V$107+[6]A32!$W$71 -> 0 | I38: ='1,6 CN'!I38-'1,6 CN'!H38 -> 0 | J38: =IFERROR(H38/I38,"") | K38: =[7]A07!$V$107+[7]A32!$W$71 -> 0 | L38: ='1,6 CN'!L38-'1,6 CN'!K38 -> 0 | M38: =IFERROR(K38/L38,"") | N38: =[8]A07!$V$107+[8]A32!$W$71 -> 0 | O38: ='1,6 CN'!O38-'1,6 CN'!N38 -> 0 | P38: =N38/O38 -> #DIV/0! | S38: =Q38/R38 -> #DIV/0! | V38: =T38/U38 -> #DIV/0! | Y38: =W38/X38 -> #DIV/0! | AB38: =Z38/AA38 -> #DIV/0! | AE38: =AC38/AD38 -> #DIV/0! | AH38: =AF38/AG38 -> #DIV/0! | AK38: =+AI38/AJ38 -> #DIV/0! | AL38: =B38+E38+H38+K38+N38 -> 0 | AM38: =C38+F38+I38+L38+O38 -> 0 | AN38: =IFERROR(AL38/AM38,"") | AO38: =IF(AN38<10%,"1","0") -> 0 | AS38: <10%
A39: Coloproctología (Cirugía Digestiva Baja) | B39: =[4]A07!$V$108+[4]A32!$W$72 -> 3 | C39: ='1,6 CN'!C39-'1,6 CN'!B39 -> 18 | D39: =IFERROR(B39/C39,"") -> 0.16666667 | E39: =[5]A07!$V$108+[5]A32!$W$72 -> 0 | F39: ='1,6 CN'!F39-'1,6 CN'!E39 -> 10 | G39: =IFERROR(E39/F39,"") -> 0 | H39: =[6]A07!$V$108+[6]A32!$W$72 -> 0 | I39: ='1,6 CN'!I39-'1,6 CN'!H39 -> 37 | J39: =IFERROR(H39/I39,"") -> 0 | K39: =[7]A07!$V$108+[7]A32!$W$72 -> 0 | L39: ='1,6 CN'!L39-'1,6 CN'!K39 -> 19 | M39: =IFERROR(K39/L39,"") -> 0 | N39: =[8]A07!$V$108+[8]A32!$W$72 -> 0 | O39: ='1,6 CN'!O39-'1,6 CN'!N39 -> 29 | P39: =N39/O39 -> 0 | S39: =Q39/R39 -> #DIV/0! | V39: =T39/U39 -> #DIV/0! | Y39: =W39/X39 -> #DIV/0! | AB39: =Z39/AA39 -> #DIV/0! | AE39: =AC39/AD39 -> #DIV/0! | AH39: =AF39/AG39 -> #DIV/0! | AK39: =+AI39/AJ39 -> #DIV/0! | AL39: =B39+E39+H39+K39+N39 -> 3 | AM39: =C39+F39+I39+L39+O39 -> 113 | AN39: =IFERROR(AL39/AM39,"") -> 0.026548673 | AO39: =IF(AN39<10%,"1","0") -> 1 | AS39: <10%
A40: Cirugía Tórax | B40: =[4]A07!$V$109+[4]A32!$W$73 -> 0 | C40: ='1,6 CN'!C40-'1,6 CN'!B40 -> 0 | D40: =IFERROR(B40/C40,"") | E40: =[5]A07!$V$109+[5]A32!$W$73 -> 0 | F40: ='1,6 CN'!F40-'1,6 CN'!E40 -> 0 | G40: =IFERROR(E40/F40,"") | H40: =[6]A07!$V$109+[6]A32!$W$73 -> 0 | I40: ='1,6 CN'!I40-'1,6 CN'!H40 -> 0 | J40: =IFERROR(H40/I40,"") | K40: =[7]A07!$V$109+[7]A32!$W$73 -> 0 | L40: ='1,6 CN'!L40-'1,6 CN'!K40 -> 0 | M40: =IFERROR(K40/L40,"") | N40: =[8]A07!$V$109+[8]A32!$W$73 -> 0 | O40: ='1,6 CN'!O40-'1,6 CN'!N40 -> 0 | P40: =N40/O40 -> #DIV/0! | S40: =Q40/R40 -> #DIV/0! | V40: =T40/U40 -> #DIV/0! | Y40: =W40/X40 -> #DIV/0! | AB40: =Z40/AA40 -> #DIV/0! | AE40: =AC40/AD40 -> #DIV/0! | AH40: =AF40/AG40 -> #DIV/0! | AK40: =+AI40/AJ40 -> #DIV/0! | AL40: =B40+E40+H40+K40+N40 -> 0 | AM40: =C40+F40+I40+L40+O40 -> 0 | AN40: =IFERROR(AL40/AM40,"") | AO40: =IF(AN40<10%,"1","0") -> 0 | AS40: <10%
A41: Cirugía Vascular Periférica | B41: =[4]A07!$V$110+[4]A32!$W$74 -> 0 | C41: ='1,6 CN'!C41-'1,6 CN'!B41 -> 0 | D41: =IFERROR(B41/C41,"") | E41: =[5]A07!$V$110+[5]A32!$W$74 -> 0 | F41: ='1,6 CN'!F41-'1,6 CN'!E41 -> 0 | G41: =IFERROR(E41/F41,"") | H41: =[6]A07!$V$110+[6]A32!$W$74 -> 0 | I41: ='1,6 CN'!I41-'1,6 CN'!H41 -> 0 | J41: =IFERROR(H41/I41,"") | K41: =[7]A07!$V$110+[7]A32!$W$74 -> 0 | L41: ='1,6 CN'!L41-'1,6 CN'!K41 -> 0 | M41: =IFERROR(K41/L41,"") | N41: =[8]A07!$V$110+[8]A32!$W$74 -> 0 | O41: ='1,6 CN'!O41-'1,6 CN'!N41 -> 0 | P41: =N41/O41 -> #DIV/0! | S41: =Q41/R41 -> #DIV/0! | V41: =T41/U41 -> #DIV/0! | Y41: =W41/X41 -> #DIV/0! | AB41: =Z41/AA41 -> #DIV/0! | AE41: =AC41/AD41 -> #DIV/0! | AH41: =AF41/AG41 -> #DIV/0! | AK41: =+AI41/AJ41 -> #DIV/0! | AL41: =B41+E41+H41+K41+N41 -> 0 | AM41: =C41+F41+I41+L41+O41 -> 0 | AN41: =IFERROR(AL41/AM41,"") | AO41: =IF(AN41<10%,"1","0") -> 0 | AS41: <10%
A42: Neurocirugía | B42: =[4]A07!$V$111+[4]A32!$W$75 -> 0 | C42: ='1,6 CN'!C42-'1,6 CN'!B42 -> 0 | D42: =IFERROR(B42/C42,"") | E42: =[5]A07!$V$111+[5]A32!$W$75 -> 0 | F42: ='1,6 CN'!F42-'1,6 CN'!E42 -> 0 | G42: =IFERROR(E42/F42,"") | H42: =[6]A07!$V$111+[6]A32!$W$75 -> 0 | I42: ='1,6 CN'!I42-'1,6 CN'!H42 -> 0 | J42: =IFERROR(H42/I42,"") | K42: =[7]A07!$V$111+[7]A32!$W$75 -> 0 | L42: ='1,6 CN'!L42-'1,6 CN'!K42 -> 0 | M42: =IFERROR(K42/L42,"") | N42: =[8]A07!$V$111+[8]A32!$W$75 -> 0 | O42: ='1,6 CN'!O42-'1,6 CN'!N42 -> 0 | P42: =N42/O42 -> #DIV/0! | S42: =Q42/R42 -> #DIV/0! | V42: =T42/U42 -> #DIV/0! | Y42: =W42/X42 -> #DIV/0! | AB42: =Z42/AA42 -> #DIV/0! | AE42: =AC42/AD42 -> #DIV/0! | AH42: =AF42/AG42 -> #DIV/0! | AK42: =+AI42/AJ42 -> #DIV/0! | AL42: =B42+E42+H42+K42+N42 -> 0 | AM42: =C42+F42+I42+L42+O42 -> 0 | AN42: =IFERROR(AL42/AM42,"") | AO42: =IF(AN42<10%,"1","0") -> 0 | AS42: <10%
A43: Cirugía Cardiovascular | B43: =[4]A07!$V$112+[4]A32!$W$76 -> 0 | C43: ='1,6 CN'!C43-'1,6 CN'!B43 -> 0 | D43: =IFERROR(B43/C43,"") | E43: =[5]A07!$V$112+[5]A32!$W$76 -> 0 | F43: ='1,6 CN'!F43-'1,6 CN'!E43 -> 0 | G43: =IFERROR(E43/F43,"") | H43: =[6]A07!$V$112+[6]A32!$W$76 -> 0 | I43: ='1,6 CN'!I43-'1,6 CN'!H43 -> 0 | J43: =IFERROR(H43/I43,"") | K43: =[7]A07!$V$112+[7]A32!$W$76 -> 0 | L43: ='1,6 CN'!L43-'1,6 CN'!K43 -> 0 | M43: =IFERROR(K43/L43,"") | N43: =[8]A07!$V$112+[8]A32!$W$76 -> 0 | O43: ='1,6 CN'!O43-'1,6 CN'!N43 -> 0 | P43: =N43/O43 -> #DIV/0! | S43: =Q43/R43 -> #DIV/0! | V43: =T43/U43 -> #DIV/0! | Y43: =W43/X43 -> #DIV/0! | AB43: =Z43/AA43 -> #DIV/0! | AE43: =AC43/AD43 -> #DIV/0! | AH43: =AF43/AG43 -> #DIV/0! | AK43: =+AI43/AJ43 -> #DIV/0! | AL43: =B43+E43+H43+K43+N43 -> 0 | AM43: =C43+F43+I43+L43+O43 -> 0 | AN43: =IFERROR(AL43/AM43,"") | AO43: =IF(AN43<10%,"1","0") -> 0 | AS43: <10%
A44: Anestesiología | B44: =[4]A07!$V$113+[4]A32!$W$77 -> 2 | C44: ='1,6 CN'!C44-'1,6 CN'!B44 -> 26 | D44: =IFERROR(B44/C44,"") -> 0.076923077 | E44: =[5]A07!$V$113+[5]A32!$W$77 -> 1 | F44: ='1,6 CN'!F44-'1,6 CN'!E44 -> 29 | G44: =IFERROR(E44/F44,"") -> 0.034482759 | H44: =[6]A07!$V$113+[6]A32!$W$77 -> 1 | I44: ='1,6 CN'!I44-'1,6 CN'!H44 -> 15 | J44: =IFERROR(H44/I44,"") -> 0.066666667 | K44: =[7]A07!$V$113+[7]A32!$W$77 -> 1 | L44: ='1,6 CN'!L44-'1,6 CN'!K44 -> 16 | M44: =IFERROR(K44/L44,"") -> 0.0625 | N44: =[8]A07!$V$113+[8]A32!$W$77 -> 1 | O44: ='1,6 CN'!O44-'1,6 CN'!N44 -> 4 | P44: =N44/O44 -> 0.25 | S44: =Q44/R44 -> #DIV/0! | V44: =T44/U44 -> #DIV/0! | Y44: =W44/X44 -> #DIV/0! | AB44: =Z44/AA44 -> #DIV/0! | AE44: =AC44/AD44 -> #DIV/0! | AH44: =AF44/AG44 -> #DIV/0! | AK44: =+AI44/AJ44 -> #DIV/0! | AL44: =B44+E44+H44+K44+N44 -> 6 | AM44: =C44+F44+I44+L44+O44 -> 90 | AN44: =IFERROR(AL44/AM44,"") -> 0.066666667 | AO44: =IF(AN44<10%,"1","0") -> 1 | AS44: <10%
A45: Obstetricia y Ginecología | B45: =[4]A07!$V$114+[4]A32!$W$78 -> 45 | C45: ='1,6 CN'!C45-'1,6 CN'!B45 -> 420 | D45: =IFERROR(B45/C45,"") -> 0.10714286 | E45: =[5]A07!$V$114+[5]A32!$W$78 -> 45 | F45: ='1,6 CN'!F45-'1,6 CN'!E45 -> 346 | G45: =IFERROR(E45/F45,"") -> 0.1300578 | H45: =[6]A07!$V$114+[6]A32!$W$78 -> 49 | I45: ='1,6 CN'!I45-'1,6 CN'!H45 -> 484 | J45: =IFERROR(H45/I45,"") -> 0.10123967 | K45: =[7]A07!$V$114+[7]A32!$W$78 -> 54 | L45: ='1,6 CN'!L45-'1,6 CN'!K45 -> 427 | M45: =IFERROR(K45/L45,"") -> 0.1264637 | N45: =[8]A07!$V$114+[8]A32!$W$78 -> 41 | O45: ='1,6 CN'!O45-'1,6 CN'!N45 -> 463 | P45: =N45/O45 -> 0.088552916 | S45: =Q45/R45 -> #DIV/0! | V45: =T45/U45 -> #DIV/0! | Y45: =W45/X45 -> #DIV/0! | AB45: =Z45/AA45 -> #DIV/0! | AE45: =AC45/AD45 -> #DIV/0! | AH45: =AF45/AG45 -> #DIV/0! | AK45: =+AI45/AJ45 -> #DIV/0! | AL45: =B45+E45+H45+K45+N45 -> 234 | AM45: =C45+F45+I45+L45+O45 -> 2140 | AN45: =IFERROR(AL45/AM45,"") -> 0.10934579 | AO45: =IF(AN45<10%,"1","0") -> 0 | AS45: <10%
A46: Ginecología oncológica | B46: =[4]A07!$V$115+[4]A32!$W$79 -> 0 | C46: ='1,6 CN'!C46-'1,6 CN'!B46 -> 0 | D46: =IFERROR(B46/C46,"") | E46: =[5]A07!$V$115+[5]A32!$W$79 -> 0 | F46: ='1,6 CN'!F46-'1,6 CN'!E46 -> 0 | G46: =IFERROR(E46/F46,"") | H46: =[6]A07!$V$115+[6]A32!$W$79 -> 0 | I46: ='1,6 CN'!I46-'1,6 CN'!H46 -> 0 | J46: =IFERROR(H46/I46,"") | K46: =[7]A07!$V$115+[7]A32!$W$79 -> 0 | L46: ='1,6 CN'!L46-'1,6 CN'!K46 -> 0 | M46: =IFERROR(K46/L46,"") | N46: =[8]A07!$V$115+[8]A32!$W$79 -> 0 | O46: ='1,6 CN'!O46-'1,6 CN'!N46 -> 0 | P46: =N46/O46 -> #DIV/0! | S46: =Q46/R46 -> #DIV/0! | V46: =T46/U46 -> #DIV/0! | Y46: =W46/X46 -> #DIV/0! | AB46: =Z46/AA46 -> #DIV/0! | AE46: =AC46/AD46 -> #DIV/0! | AH46: =AF46/AG46 -> #DIV/0! | AK46: =+AI46/AJ46 -> #DIV/0! | AL46: =B46+E46+H46+K46+N46 -> 0 | AM46: =C46+F46+I46+L46+O46 -> 0 | AN46: =IFERROR(AL46/AM46,"") | AO46: =IF(AN46<10%,"1","0") -> 0 | AS46: <10%
A47: Neurorradiologia | B47: =[4]A07!$V$116+[4]A32!$W$80 -> 0 | C47: ='1,6 CN'!C47-'1,6 CN'!B47 -> 0 | D47: =IFERROR(B47/C47,"") | E47: =[5]A07!$V$116+[5]A32!$W$80 -> 0 | F47: ='1,6 CN'!F47-'1,6 CN'!E47 -> 0 | G47: =IFERROR(E47/F47,"") | H47: =[6]A07!$V$116+[6]A32!$W$80 -> 0 | I47: ='1,6 CN'!I47-'1,6 CN'!H47 -> 0 | J47: =IFERROR(H47/I47,"") | K47: =[7]A07!$V$116+[7]A32!$W$80 -> 0 | L47: ='1,6 CN'!L47-'1,6 CN'!K47 -> 0 | M47: =IFERROR(K47/L47,"") | N47: =[8]A07!$V$116+[8]A32!$W$80 -> 0 | O47: ='1,6 CN'!O47-'1,6 CN'!N47 -> 0 | P47: =N47/O47 -> #DIV/0! | S47: =Q47/R47 -> #DIV/0! | V47: =T47/U47 -> #DIV/0! | Y47: =W47/X47 -> #DIV/0! | AB47: =Z47/AA47 -> #DIV/0! | AE47: =AC47/AD47 -> #DIV/0! | AH47: =AF47/AG47 -> #DIV/0! | AK47: =+AI47/AJ47 -> #DIV/0! | AL47: =B47+E47+H47+K47+N47 -> 0 | AM47: =C47+F47+I47+L47+O47 -> 0 | AN47: =IFERROR(AL47/AM47,"") | AO47: =IF(AN47<10%,"1","0") -> 0 | AS47: <10%
A48: Oftalmología | B48: =[4]A07!$V$117+[4]A32!$W$81 -> 21 | C48: ='1,6 CN'!C48-'1,6 CN'!B48 -> 366 | D48: =IFERROR(B48/C48,"") -> 0.057377049 | E48: =[5]A07!$V$117+[5]A32!$W$81 -> 17 | F48: ='1,6 CN'!F48-'1,6 CN'!E48 -> 307 | G48: =IFERROR(E48/F48,"") -> 0.055374593 | H48: =[6]A07!$V$117+[6]A32!$W$81 -> 21 | I48: ='1,6 CN'!I48-'1,6 CN'!H48 -> 417 | J48: =IFERROR(H48/I48,"") -> 0.050359712 | K48: =[7]A07!$V$117+[7]A32!$W$81 -> 17 | L48: ='1,6 CN'!L48-'1,6 CN'!K48 -> 429 | M48: =IFERROR(K48/L48,"") -> 0.03962704 | N48: =[8]A07!$V$117+[8]A32!$W$81 -> 16 | O48: ='1,6 CN'!O48-'1,6 CN'!N48 -> 283 | P48: =N48/O48 -> 0.056537102 | S48: =Q48/R48 -> #DIV/0! | V48: =T48/U48 -> #DIV/0! | Y48: =W48/X48 -> #DIV/0! | AB48: =Z48/AA48 -> #DIV/0! | AE48: =AC48/AD48 -> #DIV/0! | AH48: =AF48/AG48 -> #DIV/0! | AK48: =+AI48/AJ48 -> #DIV/0! | AL48: =B48+E48+H48+K48+N48 -> 92 | AM48: =C48+F48+I48+L48+O48 -> 1802 | AN48: =IFERROR(AL48/AM48,"") -> 0.051054384 | AO48: =IF(AN48<10%,"1","0") -> 1 | AS48: <10%
A49: Otorrinolaringología | B49: =[4]A07!$V$118+[4]A32!$W$82 -> 4 | C49: ='1,6 CN'!C49-'1,6 CN'!B49 -> 45 | D49: =IFERROR(B49/C49,"") -> 0.088888889 | E49: =[5]A07!$V$118+[5]A32!$W$82 -> 2 | F49: ='1,6 CN'!F49-'1,6 CN'!E49 -> 85 | G49: =IFERROR(E49/F49,"") -> 0.023529412 | H49: =[6]A07!$V$118+[6]A32!$W$82 -> 8 | I49: ='1,6 CN'!I49-'1,6 CN'!H49 -> 112 | J49: =IFERROR(H49/I49,"") -> 0.071428571 | K49: =[7]A07!$V$118+[7]A32!$W$82 -> 5 | L49: ='1,6 CN'!L49-'1,6 CN'!K49 -> 85 | M49: =IFERROR(K49/L49,"") -> 0.058823529 | N49: =[8]A07!$V$118+[8]A32!$W$82 -> 1 | O49: ='1,6 CN'!O49-'1,6 CN'!N49 -> 71 | P49: =N49/O49 -> 0.014084507 | S49: =Q49/R49 -> #DIV/0! | V49: =T49/U49 -> #DIV/0! | Y49: =W49/X49 -> #DIV/0! | AB49: =Z49/AA49 -> #DIV/0! | AE49: =AC49/AD49 -> #DIV/0! | AH49: =AF49/AG49 -> #DIV/0! | AK49: =+AI49/AJ49 -> #DIV/0! | AL49: =B49+E49+H49+K49+N49 -> 20 | AM49: =C49+F49+I49+L49+O49 -> 398 | AN49: =IFERROR(AL49/AM49,"") -> 0.050251256 | AO49: =IF(AN49<10%,"1","0") -> 1 | AS49: <10%
A50: Traumatología y Ortopedia | B50: =[4]A07!$V$119+[4]A32!$W$83 -> 69 | C50: ='1,6 CN'!C50-'1,6 CN'!B50 -> 473 | D50: =IFERROR(B50/C50,"") -> 0.14587738 | E50: =[5]A07!$V$119+[5]A32!$W$83 -> 50 | F50: ='1,6 CN'!F50-'1,6 CN'!E50 -> 424 | G50: =IFERROR(E50/F50,"") -> 0.11792453 | H50: =[6]A07!$V$119+[6]A32!$W$83 -> 55 | I50: ='1,6 CN'!I50-'1,6 CN'!H50 -> 542 | J50: =IFERROR(H50/I50,"") -> 0.10147601 | K50: =[7]A07!$V$119+[7]A32!$W$83 -> 48 | L50: ='1,6 CN'!L50-'1,6 CN'!K50 -> 528 | M50: =IFERROR(K50/L50,"") -> 0.090909091 | N50: =[8]A07!$V$119+[8]A32!$W$83 -> 36 | O50: ='1,6 CN'!O50-'1,6 CN'!N50 -> 456 | P50: =N50/O50 -> 0.078947368 | S50: =Q50/R50 -> #DIV/0! | V50: =T50/U50 -> #DIV/0! | Y50: =W50/X50 -> #DIV/0! | AB50: =Z50/AA50 -> #DIV/0! | AE50: =AC50/AD50 -> #DIV/0! | AH50: =AF50/AG50 -> #DIV/0! | AK50: =+AI50/AJ50 -> #DIV/0! | AL50: =B50+E50+H50+K50+N50 -> 258 | AM50: =C50+F50+I50+L50+O50 -> 2423 | AN50: =IFERROR(AL50/AM50,"") -> 0.10647957 | AO50: =IF(AN50<10%,"1","0") -> 0 | AS50: <10%
A51: Urología | B51: =[4]A07!$V$120+[4]A32!$W$84 -> 12 | C51: ='1,6 CN'!C51-'1,6 CN'!B51 -> 199 | D51: =IFERROR(B51/C51,"") -> 0.060301508 | E51: =[5]A07!$V$120+[5]A32!$W$84 -> 9 | F51: ='1,6 CN'!F51-'1,6 CN'!E51 -> 125 | G51: =IFERROR(E51/F51,"") -> 0.072 | H51: =[6]A07!$V$120+[6]A32!$W$84 -> 11 | I51: ='1,6 CN'!I51-'1,6 CN'!H51 -> 234 | J51: =IFERROR(H51/I51,"") -> 0.047008547 | K51: =[7]A07!$V$120+[7]A32!$W$84 -> 13 | L51: ='1,6 CN'!L51-'1,6 CN'!K51 -> 304 | M51: =IFERROR(K51/L51,"") -> 0.042763158 | N51: =[8]A07!$V$120+[8]A32!$W$84 -> 17 | O51: ='1,6 CN'!O51-'1,6 CN'!N51 -> 259 | P51: =N51/O51 -> 0.065637066 | S51: =Q51/R51 -> #DIV/0! | V51: =T51/U51 -> #DIV/0! | Y51: =W51/X51 -> #DIV/0! | AB51: =Z51/AA51 -> #DIV/0! | AE51: =AC51/AD51 -> #DIV/0! | AH51: =AF51/AG51 -> #DIV/0! | AK51: =+AI51/AJ51 -> #DIV/0! | AL51: =B51+E51+H51+K51+N51 -> 62 | AM51: =C51+F51+I51+L51+O51 -> 1121 | AN51: =IFERROR(AL51/AM51,"") -> 0.055307761 | AO51: =IF(AN51<10%,"1","0") -> 1 | AS51: <10%
A52: Medicina Familiar | B52: =[4]A07!$V$121+[4]A32!$W$85 -> 0 | C52: ='1,6 CN'!C52-'1,6 CN'!B52 -> 0 | D52: =IFERROR(B52/C52,"") | E52: =[5]A07!$V$121+[5]A32!$W$85 -> 5 | F52: ='1,6 CN'!F52-'1,6 CN'!E52 -> 32 | G52: =IFERROR(E52/F52,"") -> 0.15625 | H52: =[6]A07!$V$121+[6]A32!$W$85 -> 12 | I52: ='1,6 CN'!I52-'1,6 CN'!H52 -> 62 | J52: =IFERROR(H52/I52,"") -> 0.19354839 | K52: =[7]A07!$V$121+[7]A32!$W$85 -> 15 | L52: ='1,6 CN'!L52-'1,6 CN'!K52 -> 60 | M52: =IFERROR(K52/L52,"") -> 0.25 | N52: =[8]A07!$V$121+[8]A32!$W$85 -> 4 | O52: ='1,6 CN'!O52-'1,6 CN'!N52 -> 70 | P52: =N52/O52 -> 0.057142857 | S52: =Q52/R52 -> #DIV/0! | V52: =T52/U52 -> #DIV/0! | Y52: =W52/X52 -> #DIV/0! | AB52: =Z52/AA52 -> #DIV/0! | AE52: =AC52/AD52 -> #DIV/0! | AH52: =AF52/AG52 -> #DIV/0! | AK52: =+AI52/AJ52 -> #DIV/0! | AL52: =B52+E52+H52+K52+N52 -> 36 | AM52: =C52+F52+I52+L52+O52 -> 224 | AN52: =IFERROR(AL52/AM52,"") -> 0.16071429 | AO52: =IF(AN52<10%,"1","0") -> 0 | AS52: <10%
A53: Diabetología | B53: =[4]A07!$V$122+[4]A32!$W$86 -> 0 | C53: ='1,6 CN'!C53-'1,6 CN'!B53 -> 0 | D53: =IFERROR(B53/C53,"") | E53: =[5]A07!$V$122+[5]A32!$W$86 -> 0 | F53: ='1,6 CN'!F53-'1,6 CN'!E53 -> 0 | G53: =IFERROR(E53/F53,"") | H53: =[6]A07!$V$122+[6]A32!$W$86 -> 0 | I53: ='1,6 CN'!I53-'1,6 CN'!H53 -> 0 | J53: =IFERROR(H53/I53,"") | K53: =[7]A07!$V$122+[7]A32!$W$86 -> 0 | L53: ='1,6 CN'!L53-'1,6 CN'!K53 -> 0 | M53: =IFERROR(K53/L53,"") | N53: =[8]A07!$V$122+[8]A32!$W$86 -> 0 | O53: ='1,6 CN'!O53-'1,6 CN'!N53 -> 0 | P53: =N53/O53 -> #DIV/0! | S53: =Q53/R53 -> #DIV/0! | V53: =T53/U53 -> #DIV/0! | Y53: =W53/X53 -> #DIV/0! | AB53: =Z53/AA53 -> #DIV/0! | AE53: =AC53/AD53 -> #DIV/0! | AH53: =AF53/AG53 -> #DIV/0! | AK53: =+AI53/AJ53 -> #DIV/0! | AL53: =B53+E53+H53+K53+N53 -> 0 | AM53: =C53+F53+I53+L53+O53 -> 0 | AN53: =IFERROR(AL53/AM53,"") | AO53: =IF(AN53<10%,"1","0") -> 0 | AS53: <10%
A54: Medicina Nuclear (Excluye Informes) | B54: =[4]A07!$V$123+[4]A32!$W$87 -> 0 | C54: ='1,6 CN'!C54-'1,6 CN'!B54 -> 0 | D54: =IFERROR(B54/C54,"") | E54: =[5]A07!$V$123+[5]A32!$W$87 -> 0 | F54: ='1,6 CN'!F54-'1,6 CN'!E54 -> 0 | G54: =IFERROR(E54/F54,"") | H54: =[6]A07!$V$123+[6]A32!$W$87 -> 0 | I54: ='1,6 CN'!I54-'1,6 CN'!H54 -> 0 | J54: =IFERROR(H54/I54,"") | K54: =[7]A07!$V$123+[7]A32!$W$87 -> 0 | L54: ='1,6 CN'!L54-'1,6 CN'!K54 -> 0 | M54: =IFERROR(K54/L54,"") | N54: =[8]A07!$V$123+[8]A32!$W$87 -> 0 | O54: ='1,6 CN'!O54-'1,6 CN'!N54 -> 0 | P54: =N54/O54 -> #DIV/0! | S54: =Q54/R54 -> #DIV/0! | V54: =T54/U54 -> #DIV/0! | Y54: =W54/X54 -> #DIV/0! | AB54: =Z54/AA54 -> #DIV/0! | AE54: =AC54/AD54 -> #DIV/0! | AH54: =AF54/AG54 -> #DIV/0! | AK54: =+AI54/AJ54 -> #DIV/0! | AL54: =B54+E54+H54+K54+N54 -> 0 | AM54: =C54+F54+I54+L54+O54 -> 0 | AN54: =IFERROR(AL54/AM54,"") | AO54: =IF(AN54<10%,"1","0") -> 0 | AS54: <10%
A55: Imagenología | B55: =[4]A07!$V$124+[4]A32!$W$88 -> 0 | C55: ='1,6 CN'!C55-'1,6 CN'!B55 -> 0 | D55: =IFERROR(B55/C55,"") | E55: =[5]A07!$V$124+[5]A32!$W$88 -> 0 | F55: ='1,6 CN'!F55-'1,6 CN'!E55 -> 0 | G55: =IFERROR(E55/F55,"") | H55: =[6]A07!$V$124+[6]A32!$W$88 -> 0 | I55: ='1,6 CN'!I55-'1,6 CN'!H55 -> 0 | J55: =IFERROR(H55/I55,"") | K55: =[7]A07!$V$124+[7]A32!$W$88 -> 0 | L55: ='1,6 CN'!L55-'1,6 CN'!K55 -> 0 | M55: =IFERROR(K55/L55,"") | N55: =[8]A07!$V$124+[8]A32!$W$88 -> 0 | O55: ='1,6 CN'!O55-'1,6 CN'!N55 -> 0 | P55: =N55/O55 -> #DIV/0! | S55: =Q55/R55 -> #DIV/0! | V55: =T55/U55 -> #DIV/0! | Y55: =W55/X55 -> #DIV/0! | AB55: =Z55/AA55 -> #DIV/0! | AE55: =AC55/AD55 -> #DIV/0! | AH55: =AF55/AG55 -> #DIV/0! | AK55: =+AI55/AJ55 -> #DIV/0! | AL55: =B55+E55+H55+K55+N55 -> 0 | AM55: =C55+F55+I55+L55+O55 -> 0 | AN55: =IFERROR(AL55/AM55,"") | AO55: =IF(AN55<10%,"1","0") -> 0 | AS55: <10%
A56: Radioterapia Oncológica | B56: =[4]A07!$V$125+[4]A32!$W$89 -> 0 | C56: ='1,6 CN'!C56-'1,6 CN'!B56 -> 0 | D56: =IFERROR(B56/C56,"") | E56: =[5]A07!$V$125+[5]A32!$W$89 -> 0 | F56: ='1,6 CN'!F56-'1,6 CN'!E56 -> 0 | G56: =IFERROR(E56/F56,"") | H56: =[6]A07!$V$125+[6]A32!$W$89 -> 0 | I56: ='1,6 CN'!I56-'1,6 CN'!H56 -> 0 | J56: =IFERROR(H56/I56,"") | K56: =[7]A07!$V$125+[7]A32!$W$89 -> 0 | L56: ='1,6 CN'!L56-'1,6 CN'!K56 -> 0 | M56: =IFERROR(K56/L56,"") | N56: =[8]A07!$V$125+[8]A32!$W$89 -> 0 | O56: ='1,6 CN'!O56-'1,6 CN'!N56 -> 0 | P56: =N56/O56 -> #DIV/0! | S56: =Q56/R56 -> #DIV/0! | V56: =T56/U56 -> #DIV/0! | Y56: =W56/X56 -> #DIV/0! | AB56: =Z56/AA56 -> #DIV/0! | AE56: =AC56/AD56 -> #DIV/0! | AH56: =AF56/AG56 -> #DIV/0! | AK56: =+AI56/AJ56 -> #DIV/0! | AL56: =B56+E56+H56+K56+N56 -> 0 | AM56: =C56+F56+I56+L56+O56 -> 0 | AN56: =IFERROR(AL56/AM56,"") | AO56: =IF(AN56<10%,"1","0") -> 0 | AS56: <10%
B57: =SUM(B2:B56) -> 462 | C57: =SUM(C2:C56) -> 3704 | D57: =B57/C57 -> 0.12473002 | E57: =SUM(E2:E56) -> 358 | F57: =SUM(F2:F56) -> 3150 | G57: =E57/F57 -> 0.11365079 | H57: =SUM(H2:H56) -> 449 | I57: =SUM(I2:I56) -> 4283 | J57: =H57/I57 -> 0.10483306 | K57: =SUM(K2:K56) -> 456 | L57: =SUM(L2:L56) -> 4528 | M57: =IFERROR(K57/L57,"") -> 0.10070671 | N57: =SUM(N2:N56) -> 370 | O57: =SUM(O2:O56) -> 3856 | P57: =N57/O57 -> 0.095954357 | Q57: =SUM(Q2:Q56) -> 0 | R57: =SUM(R2:R56) -> 0 | S57: =Q57/R57 -> #DIV/0! | T57: =SUM(T2:T56) -> 0 | U57: =SUM(U2:U56) -> 0 | V57: =T57/U57 -> #DIV/0! | W57: =SUM(W2:W56) -> 0 | X57: =SUM(X2:X56) -> 0 | Y57: =W57/X57 -> #DIV/0! | Z57: =SUM(Z2:Z56) -> 0 | AA57: =SUM(AA2:AA56) -> 0 | AB57: =Z57/AA57 -> #DIV/0! | AC57: =SUM(AC2:AC56) -> 0 | AD57: =SUM(AD2:AD56) -> 0 | AE57: =AC57/AD57 -> #DIV/0! | AF57: =SUM(AF2:AF56) -> 0 | AG57: =SUM(AG2:AG56) -> 0 | AH57: =AF57/AG57 -> #DIV/0! | AI57: =SUM(AI2:AI56) -> 0 | AJ57: =SUM(AJ2:AJ56) -> 0 | AK57: =AI57/AJ57 -> #DIV/0! | AL57: =SUM(AL2:AL56) -> 2095 | AM57: =SUM(AM2:AM56) -> 19521 | AN57: =AL57/AM57 -> 0.10732032 | AO57: =AO2+AO3+AO7+AO8+AO9+AO12+AO17+AO22+AO24+AO28+AO29+AO31+AO32+AO33+AO34+AO35+AO39+AO44+AO45+AO48+AO49+AO50+AO51+AO52 -> 14 | AP57: 24 | AQ57: =AO57/AP57 -> 0.58333333 | AR57: 0.7 | AS57: =AQ57*AR57 -> 0.40833333
C58: =C57-B57 -> 3242
B59: =[10]A07!$U$71+[10]A07!$V$71+[10]A32!$V$35+[10]A32!$W$35 -> 32

Sheet 1,8 NSP CN
A1: ESPECIALIDAD | B1: NUMERADOR ENERO | C1: DENOMINADOR ENERO | D1: RESULTADO ENERO | E1: NUMERADOR FEBRERO | F1: DENOMINADOR FEBRERO | G1: RESULTADO FEBRERO | H1: NUMERADOR MARZO | I1: DENOMINADOR MARZO | J1: RESULTADO MARZO | K1: NUMERADOR ABRIL | L1: DENOMINADOR ABRIL | M1: RESULTADO ABRIL | N1: NUMERADOR MAYO | O1: DENOMINADOR MAYO | P1: RESULTADO MAYO | Q1: NUMERADOR JUNIO | R1: DENOMINADOR JUNIO | S1: RESULTADO JUNIO | T1: NUMERADOR JULIO | U1: DENOMINADOR JULIO | V1: RESULTADO JULIO | W1: NUMERADOR AGOSTO | X1: DENOMINADOR AGOSTO | Y1: RESULTADO AGOSTO | Z1: NUMERADOR SEPT | AA1: DENOMINADOR SEPT | AB1: RESULTADO SEPT | AC1: NUMERADOR OCT | AD1: DENOMINADOR OCT | AE1: RESULTADO OCT | AF1: NUMERADOR NOV | AG1: DENOMINADOR NOV | AH1: RESULTADO NOV | AI1: NUMERADOR DIC | AJ1: DENOMINADOR DIC | AK1: RESULTADO DIC | AL1: NUMERADOR ANUAL | AM1: DENOMINADOR ANUAL | AN1: RESULTADO ANUAL | AO1: TOTAL AÑO | AP1: TOTAL ESPECIALIDADES | AQ1: CUMPLIMIENTO | AR1: META INDICADOR | AS1: % NSP | AT1: Cumplimiento total NSP
A2: Pediatría | B2: =[4]A07!$U$71+[4]A32!$V$35 -> 10 | C2: ='1,6 CN'!B2 -> 70 | D2: =IFERROR(B2/C2,"") -> 0.14285714 | E2: =[5]A07!$U$71+[5]A32!$V$35 -> 7 | F2: ='1,6 CN'!E2 -> 72 | G2: =IFERROR(E2/F2,"") -> 0.097222222 | H2: =[6]A07!$U$71+[6]A32!$V$35 -> 13 | I2: ='1,6 CN'!H2 -> 86 | J2: =IFERROR(H2/I2,"") -> 0.15116279 | K2: =[7]A07!$U$71+[7]A32!$V$35 -> 9 | L2: ='1,6 CN'!K2 -> 62 | M2: =IFERROR(K2/L2,"") -> 0.14516129 | N2: =[8]A07!$U$71+[8]A32!$V$35 -> 11 | O2: ='1,6 CN'!N2 -> 80 | P2: =N2/O2 -> 0.1375 | S2: =Q2/R2 -> #DIV/0! | V2: =T2/U2 -> #DIV/0! | Y2: =W2/X2 -> #DIV/0! | AB2: =Z2/AA2 -> #DIV/0! | AE2: =AC2/AD2 -> #DIV/0! | AH2: =AF2/AG2 -> #DIV/0! | AK2: =+AI2/AJ2 -> #DIV/0! | AL2: =B2+E2+H2+K2+N2 -> 50 | AM2: =C2+F2+I2+L2+O2 -> 370 | AN2: =IFERROR(AL2/AM2,"") -> 0.13513514 | AO2: =IF(AN2<12%,"1","0") -> 0 | AS2: <12%
A3: Medicina Interna | B3: =[4]A07!$U$72+[4]A32!$V$36 -> 20 | C3: ='1,6 CN'!B3 -> 146 | D3: =IFERROR(B3/C3,"") -> 0.1369863 | E3: =[5]A07!$U$72+[5]A32!$V$36 -> 6 | F3: ='1,6 CN'!E3 -> 71 | G3: =IFERROR(E3/F3,"") -> 0.084507042 | H3: =[6]A07!$U$72+[6]A32!$V$36 -> 4 | I3: ='1,6 CN'!H3 -> 52 | J3: =IFERROR(H3/I3,"") -> 0.076923077 | K3: =[7]A07!$U$72+[7]A32!$V$36 -> 15 | L3: ='1,6 CN'!K3 -> 137 | M3: =IFERROR(K3/L3,"") -> 0.10948905 | N3: =[8]A07!$U$72+[8]A32!$V$36 -> 5 | O3: ='1,6 CN'!N3 -> 103 | P3: =N3/O3 -> 0.048543689 | S3: =Q3/R3 -> #DIV/0! | V3: =T3/U3 -> #DIV/0! | Y3: =W3/X3 -> #DIV/0! | AB3: =Z3/AA3 -> #DIV/0! | AE3: =AC3/AD3 -> #DIV/0! | AH3: =AF3/AG3 -> #DIV/0! | AK3: =+AI3/AJ3 -> #DIV/0! | AL3: =B3+E3+H3+K3+N3 -> 50 | AM3: =C3+F3+I3+L3+O3 -> 509 | AN3: =IFERROR(AL3/AM3,"") -> 0.098231827 | AO3: =IF(AN3<12%,"1","0") -> 1 | AS3: <12%
A4: Neonatología | B4: =[4]A07!$U$73+[4]A32!$V$37 -> 0 | C4: ='1,6 CN'!B4 -> 0 | D4: =IFERROR(B4/C4,"") | E4: =[5]A07!$U$73+[5]A32!$V$37 -> 0 | F4: ='1,6 CN'!E4 -> 0 | G4: =IFERROR(E4/F4,"") | H4: =[6]A07!$U$73+[6]A32!$V$37 -> 0 | I4: ='1,6 CN'!H4 -> 0 | J4: =IFERROR(H4/I4,"") | K4: =[7]A07!$U$73+[7]A32!$V$37 -> 0 | L4: ='1,6 CN'!K4 -> 0 | M4: =IFERROR(K4/L4,"") | N4: =[8]A07!$U$73+[8]A32!$V$37 -> 0 | O4: ='1,6 CN'!N4 -> 0 | P4: =N4/O4 -> #DIV/0! | S4: =Q4/R4 -> #DIV/0! | V4: =T4/U4 -> #DIV/0! | Y4: =W4/X4 -> #DIV/0! | AB4: =Z4/AA4 -> #DIV/0! | AE4: =AC4/AD4 -> #DIV/0! | AH4: =AF4/AG4 -> #DIV/0! | AK4: =+AI4/AJ4 -> #DIV/0! | AL4: =B4+E4+H4+K4+N4 -> 0 | AM4: =C4+F4+I4+L4+O4 -> 0 | AN4: =IFERROR(AL4/AM4,"") | AO4: =IF(AN4<12%,"1","0") -> 0 | AS4: <12%
A5: Enfermedad Respiratoria Pediátrica (Broncopulmonar Infantil) | B5: =[4]A07!$U$74+[4]A32!$V$38 -> 0 | C5: ='1,6 CN'!B5 -> 0 | D5: =IFERROR(B5/C5,"") | E5: =[5]A07!$U$74+[5]A32!$V$38 -> 0 | F5: ='1,6 CN'!E5 -> 0 | G5: =IFERROR(E5/F5,"") | H5: =[6]A07!$U$74+[6]A32!$V$38 -> 0 | I5: ='1,6 CN'!H5 -> 0 | J5: =IFERROR(H5/I5,"") | K5: =[7]A07!$U$74+[7]A32!$V$38 -> 0 | L5: ='1,6 CN'!K5 -> 0 | M5: =IFERROR(K5/L5,"") | N5: =[8]A07!$U$74+[8]A32!$V$38 -> 0 | O5: ='1,6 CN'!N5 -> 0 | P5: =N5/O5 -> #DIV/0! | S5: =Q5/R5 -> #DIV/0! | V5: =T5/U5 -> #DIV/0! | Y5: =W5/X5 -> #DIV/0! | AB5: =Z5/AA5 -> #DIV/0! | AE5: =AC5/AD5 -> #DIV/0! | AH5: =AF5/AG5 -> #DIV/0! | AK5: =+AI5/AJ5 -> #DIV/0! | AL5: =B5+E5+H5+K5+N5 -> 0 | AM5: =C5+F5+I5+L5+O5 -> 0 | AN5: =IFERROR(AL5/AM5,"") | AO5: =IF(AN5<12%,"1","0") -> 0 | AS5: <12%
A6: Enfermedad Respiratoria de Adulto (Broncopulmonar) | B6: =[4]A07!$U$75+[4]A32!$V$39 -> 0 | C6: ='1,6 CN'!B6 -> 0 | D6: =IFERROR(B6/C6,"") | E6: =[5]A07!$U$75+[5]A32!$V$39 -> 0 | F6: ='1,6 CN'!E6 -> 0 | G6: =IFERROR(E6/F6,"") | H6: =[6]A07!$U$75+[6]A32!$V$39 -> 0 | I6: ='1,6 CN'!H6 -> 0 | J6: =IFERROR(H6/I6,"") | K6: =[7]A07!$U$75+[7]A32!$V$39 -> 0 | L6: ='1,6 CN'!K6 -> 0 | M6: =IFERROR(K6/L6,"") | N6: =[8]A07!$U$75+[8]A32!$V$39 -> 0 | O6: ='1,6 CN'!N6 -> 0 | P6: =N6/O6 -> #DIV/0! | S6: =Q6/R6 -> #DIV/0! | V6: =T6/U6 -> #DIV/0! | Y6: =W6/X6 -> #DIV/0! | AB6: =Z6/AA6 -> #DIV/0! | AE6: =AC6/AD6 -> #DIV/0! | AH6: =AF6/AG6 -> #DIV/0! | AK6: =+AI6/AJ6 -> #DIV/0! | AL6: =B6+E6+H6+K6+N6 -> 0 | AM6: =C6+F6+I6+L6+O6 -> 0 | AN6: =IFERROR(AL6/AM6,"") | AO6: =IF(AN6<12%,"1","0") -> 0 | AS6: <12%
A7: Cardiología | B7: =[4]A07!$U$76+[4]A32!$V$40 -> 2 | C7: ='1,6 CN'!B7 -> 18 | D7: =IFERROR(B7/C7,"") -> 0.11111111 | E7: =[5]A07!$U$76+[5]A32!$V$40 -> 5 | F7: ='1,6 CN'!E7 -> 15 | G7: =IFERROR(E7/F7,"") -> 0.33333333 | H7: =[6]A07!$U$76+[6]A32!$V$40 -> 1 | I7: ='1,6 CN'!H7 -> 28 | J7: =IFERROR(H7/I7,"") -> 0.035714286 | K7: =[7]A07!$U$76+[7]A32!$V$40 -> 5 | L7: ='1,6 CN'!K7 -> 41 | M7: =IFERROR(K7/L7,"") -> 0.12195122 | N7: =[8]A07!$U$76+[8]A32!$V$40 -> 1 | O7: ='1,6 CN'!N7 -> 12 | P7: =N7/O7 -> 0.083333333 | S7: =Q7/R7 -> #DIV/0! | V7: =T7/U7 -> #DIV/0! | Y7: =W7/X7 -> #DIV/0! | AB7: =Z7/AA7 -> #DIV/0! | AE7: =AC7/AD7 -> #DIV/0! | AH7: =AF7/AG7 -> #DIV/0! | AK7: =+AI7/AJ7 -> #DIV/0! | AL7: =B7+E7+H7+K7+N7 -> 14 | AM7: =C7+F7+I7+L7+O7 -> 114 | AN7: =IFERROR(AL7/AM7,"") -> 0.12280702 | AO7: =IF(AN7<12%,"1","0") -> 0 | AS7: <12%
A8: Mastología | B8: =[4]A07!$U$77+[4]A32!$V$41 -> 1 | C8: ='1,6 CN'!B8 -> 22 | D8: =IFERROR(B8/C8,"") -> 0.045454545 | E8: =[5]A07!$U$77+[5]A32!$V$41 -> 0 | F8: ='1,6 CN'!E8 -> 18 | G8: =IFERROR(E8/F8,"") -> 0 | H8: =[6]A07!$U$77+[6]A32!$V$41 -> 2 | I8: ='1,6 CN'!H8 -> 22 | J8: =IFERROR(H8/I8,"") -> 0.090909091 | K8: =[7]A07!$U$77+[7]A32!$V$41 -> 2 | L8: ='1,6 CN'!K8 -> 43 | M8: =IFERROR(K8/L8,"") -> 0.046511628 | N8: =[8]A07!$U$77+[8]A32!$V$41 -> 0 | O8: ='1,6 CN'!N8 -> 38 | P8: =N8/O8 -> 0 | S8: =Q8/R8 -> #DIV/0! | V8: =T8/U8 -> #DIV/0! | Y8: =W8/X8 -> #DIV/0! | AB8: =Z8/AA8 -> #DIV/0! | AE8: =AC8/AD8 -> #DIV/0! | AH8: =AF8/AG8 -> #DIV/0! | AK8: =+AI8/AJ8 -> #DIV/0! | AL8: =B8+E8+H8+K8+N8 -> 5 | AM8: =C8+F8+I8+L8+O8 -> 143 | AN8: =IFERROR(AL8/AM8,"") -> 0.034965035 | AO8: =IF(AN8<12%,"1","0") -> 1 | AS8: <12%
A9: Endocrinología Pediátrica | B9: =[4]A07!$U$78+[4]A32!$V$42 -> 1 | C9: ='1,6 CN'!B9 -> 14 | D9: =IFERROR(B9/C9,"") -> 0.071428571 | E9: =[5]A07!$U$78+[5]A32!$V$42 -> 1 | F9: ='1,6 CN'!E9 -> 10 | G9: =IFERROR(E9/F9,"") -> 0.1 | H9: =[6]A07!$U$78+[6]A32!$V$42 -> 1 | I9: ='1,6 CN'!H9 -> 12 | J9: =IFERROR(H9/I9,"") -> 0.083333333 | K9: =[7]A07!$U$78+[7]A32!$V$42 -> 1 | L9: ='1,6 CN'!K9 -> 11 | M9: =IFERROR(K9/L9,"") -> 0.090909091 | N9: =[8]A07!$U$78+[8]A32!$V$42 -> 0 | O9: ='1,6 CN'!N9 -> 13 | P9: =N9/O9 -> 0 | S9: =Q9/R9 -> #DIV/0! | V9: =T9/U9 -> #DIV/0! | Y9: =W9/X9 -> #DIV/0! | AB9: =Z9/AA9 -> #DIV/0! | AE9: =AC9/AD9 -> #DIV/0! | AH9: =AF9/AG9 -> #DIV/0! | AK9: =+AI9/AJ9 -> #DIV/0! | AL9: =B9+E9+H9+K9+N9 -> 4 | AM9: =C9+F9+I9+L9+O9 -> 60 | AN9: =IFERROR(AL9/AM9,"") -> 0.066666667 | AO9: =IF(AN9<12%,"1","0") -> 1 | AS9: <12%
A10: Endocrinología Adulto | B10: =[4]A07!$U$79+[4]A32!$V$43 -> 0 | C10: ='1,6 CN'!B10 -> 0 | D10: =IFERROR(B10/C10,"") | E10: =[5]A07!$U$79+[5]A32!$V$43 -> 0 | F10: ='1,6 CN'!E10 -> 0 | G10: =IFERROR(E10/F10,"") | H10: =[6]A07!$U$79+[6]A32!$V$43 -> 0 | I10: ='1,6 CN'!H10 -> 0 | J10: =IFERROR(H10/I10,"") | K10: =[7]A07!$U$79+[7]A32!$V$43 -> 0 | L10: ='1,6 CN'!K10 -> 0 | M10: =IFERROR(K10/L10,"") | N10: =[8]A07!$U$79+[8]A32!$V$43 -> 0 | O10: ='1,6 CN'!N10 -> 0 | P10: =N10/O10 -> #DIV/0! | S10: =Q10/R10 -> #DIV/0! | V10: =T10/U10 -> #DIV/0! | Y10: =W10/X10 -> #DIV/0! | AB10: =Z10/AA10 -> #DIV/0! | AE10: =AC10/AD10 -> #DIV/0! | AH10: =AF10/AG10 -> #DIV/0! | AK10: =+AI10/AJ10 -> #DIV/0! | AL10: =B10+E10+H10+K10+N10 -> 0 | AM10: =C10+F10+I10+L10+O10 -> 0 | AN10: =IFERROR(AL10/AM10,"") | AO10: =IF(AN10<12%,"1","0") -> 0 | AS10: <12%
A11: Gastroenterología Pediátrica | B11: =[4]A07!$U$80+[4]A32!$V$44 -> 0 | C11: ='1,6 CN'!B11 -> 0 | D11: =IFERROR(B11/C11,"") | E11: =[5]A07!$U$80+[5]A32!$V$44 -> 0 | F11: ='1,6 CN'!E11 -> 0 | G11: =IFERROR(E11/F11,"") | H11: =[6]A07!$U$80+[6]A32!$V$44 -> 0 | I11: ='1,6 CN'!H11 -> 0 | J11: =IFERROR(H11/I11,"") | K11: =[7]A07!$U$80+[7]A32!$V$44 -> 0 | L11: ='1,6 CN'!K11 -> 0 | M11: =IFERROR(K11/L11,"") | N11: =[8]A07!$U$80+[8]A32!$V$44 -> 0 | O11: ='1,6 CN'!N11 -> 0 | P11: =N11/O11 -> #DIV/0! | S11: =Q11/R11 -> #DIV/0! | V11: =T11/U11 -> #DIV/0! | Y11: =W11/X11 -> #DIV/0! | AB11: =Z11/AA11 -> #DIV/0! | AE11: =AC11/AD11 -> #DIV/0! | AH11: =AF11/AG11 -> #DIV/0! | AK11: =+AI11/AJ11 -> #DIV/0! | AL11: =B11+E11+H11+K11+N11 -> 0 | AM11: =C11+F11+I11+L11+O11 -> 0 | AN11: =IFERROR(AL11/AM11,"") | AO11: =IF(AN11<12%,"1","0") -> 0 | AS11: <12%
A12: Gastroenterología Adulto | B12: =[4]A07!$U$81+[4]A32!$V$45 -> 0 | C12: ='1,6 CN'!B12 -> 3 | D12: =IFERROR(B12/C12,"") -> 0 | E12: =[5]A07!$U$81+[5]A32!$V$45 -> 0 | F12: ='1,6 CN'!E12 -> 0 | G12: =IFERROR(E12/F12,"") | H12: =[6]A07!$U$81+[6]A32!$V$45 -> 3 | I12: ='1,6 CN'!H12 -> 22 | J12: =IFERROR(H12/I12,"") -> 0.13636364 | K12: =[7]A07!$U$81+[7]A32!$V$45 -> 0 | L12: ='1,6 CN'!K12 -> 24 | M12: =IFERROR(K12/L12,"") -> 0 | N12: =[8]A07!$U$81+[8]A32!$V$45 -> 1 | O12: ='1,6 CN'!N12 -> 14 | P12: =N12/O12 -> 0.071428571 | S12: =Q12/R12 -> #DIV/0! | V12: =T12/U12 -> #DIV/0! | Y12: =W12/X12 -> #DIV/0! | AB12: =Z12/AA12 -> #DIV/0! | AE12: =AC12/AD12 -> #DIV/0! | AH12: =AF12/AG12 -> #DIV/0! | AK12: =+AI12/AJ12 -> #DIV/0! | AL12: =B12+E12+H12+K12+N12 -> 4 | AM12: =C12+F12+I12+L12+O12 -> 63 | AN12: =IFERROR(AL12/AM12,"") -> 0.063492063 | AO12: =IF(AN12<12%,"1","0") -> 1 | AS12: <12%
A13: Genética Clínica | B13: =[4]A07!$U$82+[4]A32!$V$46 -> 0 | C13: ='1,6 CN'!B13 -> 0 | D13: =IFERROR(B13/C13,"") | E13: =[5]A07!$U$82+[5]A32!$V$46 -> 0 | F13: ='1,6 CN'!E13 -> 0 | G13: =IFERROR(E13/F13,"") | H13: =[6]A07!$U$82+[6]A32!$V$46 -> 0 | I13: ='1,6 CN'!H13 -> 0 | J13: =IFERROR(H13/I13,"") | K13: =[7]A07!$U$82+[7]A32!$V$46 -> 0 | L13: ='1,6 CN'!K13 -> 0 | M13: =IFERROR(K13/L13,"") | N13: =[8]A07!$U$82+[8]A32!$V$46 -> 0 | O13: ='1,6 CN'!N13 -> 0 | P13: =N13/O13 -> #DIV/0! | S13: =Q13/R13 -> #DIV/0! | V13: =T13/U13 -> #DIV/0! | Y13: =W13/X13 -> #DIV/0! | AB13: =Z13/AA13 -> #DIV/0! | AE13: =AC13/AD13 -> #DIV/0! | AH13: =AF13/AG13 -> #DIV/0! | AK13: =+AI13/AJ13 -> #DIV/0! | AL13: =B13+E13+H13+K13+N13 -> 0 | AM13: =C13+F13+I13+L13+O13 -> 0 | AN13: =IFERROR(AL13/AM13,"") | AO13: =IF(AN13<12%,"1","0") -> 0 | AS13: <12%
A14: Hematología | B14: =[4]A07!$U$83+[4]A32!$V$47 -> 0 | C14: ='1,6 CN'!B14 -> 0 | D14: =IFERROR(B14/C14,"") | E14: =[5]A07!$U$83+[5]A32!$V$47 -> 0 | F14: ='1,6 CN'!E14 -> 0 | G14: =IFERROR(E14/F14,"") | H14: =[6]A07!$U$83+[6]A32!$V$47 -> 0 | I14: ='1,6 CN'!H14 -> 0 | J14: =IFERROR(H14/I14,"") | K14: =[7]A07!$U$83+[7]A32!$V$47 -> 0 | L14: ='1,6 CN'!K14 -> 0 | M14: =IFERROR(K14/L14,"") | N14: =[8]A07!$U$83+[8]A32!$V$47 -> 0 | O14: ='1,6 CN'!N14 -> 0 | P14: =N14/O14 -> #DIV/0! | S14: =Q14/R14 -> #DIV/0! | V14: =T14/U14 -> #DIV/0! | Y14: =W14/X14 -> #DIV/0! | AB14: =Z14/AA14 -> #DIV/0! | AE14: =AC14/AD14 -> #DIV/0! | AH14: =AF14/AG14 -> #DIV/0! | AK14: =+AI14/AJ14 -> #DIV/0! | AL14: =B14+E14+H14+K14+N14 -> 0 | AM14: =C14+F14+I14+L14+O14 -> 0 | AN14: =IFERROR(AL14/AM14,"") | AO14: =IF(AN14<12%,"1","0") -> 0 | AS14: <12%
A15: Medicina del adolescente | B15: =[4]A07!$U$84+[4]A32!$V$48 -> 0 | C15: ='1,6 CN'!B15 -> 0 | D15: =IFERROR(B15/C15,"") | E15: =[5]A07!$U$84+[5]A32!$V$48 -> 0 | F15: ='1,6 CN'!E15 -> 0 | G15: =IFERROR(E15/F15,"") | H15: =[6]A07!$U$84+[6]A32!$V$48 -> 0 | I15: ='1,6 CN'!H15 -> 0 | J15: =IFERROR(H15/I15,"") | K15: =[7]A07!$U$84+[7]A32!$V$48 -> 0 | L15: ='1,6 CN'!K15 -> 0 | M15: =IFERROR(K15/L15,"") | N15: =[8]A07!$U$84+[8]A32!$V$48 -> 0 | O15: ='1,6 CN'!N15 -> 0 | P15: =N15/O15 -> #DIV/0! | S15: =Q15/R15 -> #DIV/0! | V15: =T15/U15 -> #DIV/0! | Y15: =W15/X15 -> #DIV/0! | AB15: =Z15/AA15 -> #DIV/0! | AE15: =AC15/AD15 -> #DIV/0! | AH15: =AF15/AG15 -> #DIV/0! | AK15: =+AI15/AJ15 -> #DIV/0! | AL15: =B15+E15+H15+K15+N15 -> 0 | AM15: =C15+F15+I15+L15+O15 -> 0 | AN15: =IFERROR(AL15/AM15,"") | AO15: =IF(AN15<12%,"1","0") -> 0 | AS15: <12%
A16: Nefrología Pediátrica | B16: =[4]A07!$U$85+[4]A32!$V$49 -> 0 | C16: ='1,6 CN'!B16 -> 0 | D16: =IFERROR(B16/C16,"") | E16: =[5]A07!$U$85+[5]A32!$V$49 -> 0 | F16: ='1,6 CN'!E16 -> 0 | G16: =IFERROR(E16/F16,"") | H16: =[6]A07!$U$85+[6]A32!$V$49 -> 0 | I16: ='1,6 CN'!H16 -> 0 | J16: =IFERROR(H16/I16,"") | K16: =[7]A07!$U$85+[7]A32!$V$49 -> 0 | L16: ='1,6 CN'!K16 -> 0 | M16: =IFERROR(K16/L16,"") | N16: =[8]A07!$U$85+[8]A32!$V$49 -> 0 | O16: ='1,6 CN'!N16 -> 0 | P16: =N16/O16 -> #DIV/0! | S16: =Q16/R16 -> #DIV/0! | V16: =T16/U16 -> #DIV/0! | Y16: =W16/X16 -> #DIV/0! | AB16: =Z16/AA16 -> #DIV/0! | AE16: =AC16/AD16 -> #DIV/0! | AH16: =AF16/AG16 -> #DIV/0! | AK16: =+AI16/AJ16 -> #DIV/0! | AL16: =B16+E16+H16+K16+N16 -> 0 | AM16: =C16+F16+I16+L16+O16 -> 0 | AN16: =IFERROR(AL16/AM16,"") | AO16: =IF(AN16<12%,"1","0") -> 0 | AS16: <12%
A17: Nefrología Adulto | B17: =[4]A07!$U$86+[4]A32!$V$50 -> 0 | C17: ='1,6 CN'!B17 -> 3 | D17: =IFERROR(B17/C17,"") -> 0 | E17: =[5]A07!$U$86+[5]A32!$V$50 -> 0 | F17: ='1,6 CN'!E17 -> 0 | G17: =IFERROR(E17/F17,"") | H17: =[6]A07!$U$86+[6]A32!$V$50 -> 0 | I17: ='1,6 CN'!H17 -> 0 | J17: =IFERROR(H17/I17,"") | K17: =[7]A07!$U$86+[7]A32!$V$50 -> 0 | L17: ='1,6 CN'!K17 -> 0 | M17: =IFERROR(K17/L17,"") | N17: =[8]A07!$U$86+[8]A32!$V$50 -> 0 | O17: ='1,6 CN'!N17 -> 0 | P17: =N17/O17 -> #DIV/0! | S17: =Q17/R17 -> #DIV/0! | V17: =T17/U17 -> #DIV/0! | Y17: =W17/X17 -> #DIV/0! | AB17: =Z17/AA17 -> #DIV/0! | AE17: =AC17/AD17 -> #DIV/0! | AH17: =AF17/AG17 -> #DIV/0! | AK17: =+AI17/AJ17 -> #DIV/0! | AL17: =B17+E17+H17+K17+N17 -> 0 | AM17: =C17+F17+I17+L17+O17 -> 3 | AN17: =IFERROR(AL17/AM17,"") -> 0 | AO17: =IF(AN17<12%,"1","0") -> 1 | AS17: <12%
A18: Nutrición clínica | B18: =[4]A07!$U$87+[4]A32!$V$51 -> 0 | C18: ='1,6 CN'!B18 -> 0 | D18: =IFERROR(B18/C18,"") | E18: =[5]A07!$U$87+[5]A32!$V$51 -> 0 | F18: ='1,6 CN'!E18 -> 0 | G18: =IFERROR(E18/F18,"") | H18: =[6]A07!$U$87+[6]A32!$V$51 -> 0 | I18: ='1,6 CN'!H18 -> 0 | J18: =IFERROR(H18/I18,"") | K18: =[7]A07!$U$87+[7]A32!$V$51 -> 0 | L18: ='1,6 CN'!K18 -> 0 | M18: =IFERROR(K18/L18,"") | N18: =[8]A07!$U$87+[8]A32!$V$51 -> 0 | O18: ='1,6 CN'!N18 -> 0 | P18: =N18/O18 -> #DIV/0! | S18: =Q18/R18 -> #DIV/0! | V18: =T18/U18 -> #DIV/0! | Y18: =W18/X18 -> #DIV/0! | AB18: =Z18/AA18 -> #DIV/0! | AE18: =AC18/AD18 -> #DIV/0! | AH18: =AF18/AG18 -> #DIV/0! | AK18: =+AI18/AJ18 -> #DIV/0! | AL18: =B18+E18+H18+K18+N18 -> 0 | AM18: =C18+F18+I18+L18+O18 -> 0 | AN18: =IFERROR(AL18/AM18,"") | AO18: =IF(AN18<12%,"1","0") -> 0 | AS18: <12%
A19: Medicina Materno Infantil | B19: =[4]A07!$U$88+[4]A32!$V$52 -> 0 | C19: ='1,6 CN'!B19 -> 0 | D19: =IFERROR(B19/C19,"") | E19: =[5]A07!$U$88+[5]A32!$V$52 -> 0 | F19: ='1,6 CN'!E19 -> 0 | G19: =IFERROR(E19/F19,"") | H19: =[6]A07!$U$88+[6]A32!$V$52 -> 0 | I19: ='1,6 CN'!H19 -> 0 | J19: =IFERROR(H19/I19,"") | K19: =[7]A07!$U$88+[7]A32!$V$52 -> 0 | L19: ='1,6 CN'!K19 -> 0 | M19: =IFERROR(K19/L19,"") | N19: =[8]A07!$U$88+[8]A32!$V$52 -> 0 | O19: ='1,6 CN'!N19 -> 0 | P19: =N19/O19 -> #DIV/0! | S19: =Q19/R19 -> #DIV/0! | V19: =T19/U19 -> #DIV/0! | Y19: =W19/X19 -> #DIV/0! | AB19: =Z19/AA19 -> #DIV/0! | AE19: =AC19/AD19 -> #DIV/0! | AH19: =AF19/AG19 -> #DIV/0! | AK19: =+AI19/AJ19 -> #DIV/0! | AL19: =B19+E19+H19+K19+N19 -> 0 | AM19: =C19+F19+I19+L19+O19 -> 0 | AN19: =IFERROR(AL19/AM19,"") | AO19: =IF(AN19<12%,"1","0") -> 0 | AS19: <12%
A20: Reumatología | B20: =[4]A07!$U$89+[4]A32!$V$53 -> 0 | C20: ='1,6 CN'!B20 -> 0 | D20: =IFERROR(B20/C20,"") | E20: =[5]A07!$U$89+[5]A32!$V$53 -> 0 | F20: ='1,6 CN'!E20 -> 0 | G20: =IFERROR(E20/F20,"") | H20: =[6]A07!$U$89+[6]A32!$V$53 -> 0 | I20: ='1,6 CN'!H20 -> 0 | J20: =IFERROR(H20/I20,"") | K20: =[7]A07!$U$89+[7]A32!$V$53 -> 0 | L20: ='1,6 CN'!K20 -> 0 | M20: =IFERROR(K20/L20,"") | N20: =[8]A07!$U$89+[8]A32!$V$53 -> 0 | O20: ='1,6 CN'!N20 -> 0 | P20: =N20/O20 -> #DIV/0! | S20: =Q20/R20 -> #DIV/0! | V20: =T20/U20 -> #DIV/0! | Y20: =W20/X20 -> #DIV/0! | AB20: =Z20/AA20 -> #DIV/0! | AE20: =AC20/AD20 -> #DIV/0! | AH20: =AF20/AG20 -> #DIV/0! | AK20: =+AI20/AJ20 -> #DIV/0! | AL20: =B20+E20+H20+K20+N20 -> 0 | AM20: =C20+F20+I20+L20+O20 -> 0 | AN20: =IFERROR(AL20/AM20,"") | AO20: =IF(AN20<12%,"1","0") -> 0 | AS20: <12%
A21: Medicina Paliativa y de Manejo del Dolor | B21: =[4]A07!$U$90+[4]A32!$V$54 -> 0 | C21: ='1,6 CN'!B21 -> 0 | D21: =IFERROR(B21/C21,"") | E21: =[5]A07!$U$90+[5]A32!$V$54 -> 0 | F21: ='1,6 CN'!E21 -> 0 | G21: =IFERROR(E21/F21,"") | H21: =[6]A07!$U$90+[6]A32!$V$54 -> 0 | I21: ='1,6 CN'!H21 -> 0 | J21: =IFERROR(H21/I21,"") | K21: =[7]A07!$U$90+[7]A32!$V$54 -> 0 | L21: ='1,6 CN'!K21 -> 0 | M21: =IFERROR(K21/L21,"") | N21: =[8]A07!$U$90+[8]A32!$V$54 -> 0 | O21: ='1,6 CN'!N21 -> 0 | P21: =N21/O21 -> #DIV/0! | S21: =Q21/R21 -> #DIV/0! | V21: =T21/U21 -> #DIV/0! | Y21: =W21/X21 -> #DIV/0! | AB21: =Z21/AA21 -> #DIV/0! | AE21: =AC21/AD21 -> #DIV/0! | AH21: =AF21/AG21 -> #DIV/0! | AK21: =+AI21/AJ21 -> #DIV/0! | AL21: =B21+E21+H21+K21+N21 -> 0 | AM21: =C21+F21+I21+L21+O21 -> 0 | AN21: =IFERROR(AL21/AM21,"") | AO21: =IF(AN21<12%,"1","0") -> 0 | AS21: <12%
A22: Dermatología | B22: =[4]A07!$U$91+[4]A32!$V$55 -> 3 | C22: ='1,6 CN'!B22 -> 19 | D22: =IFERROR(B22/C22,"") -> 0.15789474 | E22: =[5]A07!$U$91+[5]A32!$V$55 -> 16 | F22: ='1,6 CN'!E22 -> 55 | G22: =IFERROR(E22/F22,"") -> 0.29090909 | H22: =[6]A07!$U$91+[6]A32!$V$55 -> 26 | I22: ='1,6 CN'!H22 -> 41 | J22: =IFERROR(H22/I22,"") -> 0.63414634 | K22: =[7]A07!$U$91+[7]A32!$V$55 -> 8 | L22: ='1,6 CN'!K22 -> 53 | M22: =IFERROR(K22/L22,"") -> 0.1509434 | N22: =[8]A07!$U$91+[8]A32!$V$55 -> 5 | O22: ='1,6 CN'!N22 -> 30 | P22: =N22/O22 -> 0.16666667 | S22: =Q22/R22 -> #DIV/0! | V22: =T22/U22 -> #DIV/0! | Y22: =W22/X22 -> #DIV/0! | AB22: =Z22/AA22 -> #DIV/0! | AE22: =AC22/AD22 -> #DIV/0! | AH22: =AF22/AG22 -> #DIV/0! | AK22: =+AI22/AJ22 -> #DIV/0! | AL22: =B22+E22+H22+K22+N22 -> 58 | AM22: =C22+F22+I22+L22+O22 -> 198 | AN22: =IFERROR(AL22/AM22,"") -> 0.29292929 | AO22: =IF(AN22<12%,"1","0") -> 0 | AS22: <12%
A23: Infectología | B23: =[4]A07!$U$92+[4]A32!$V$56 -> 0 | C23: ='1,6 CN'!B23 -> 0 | D23: =IFERROR(B23/C23,"") | E23: =[5]A07!$U$92+[5]A32!$V$56 -> 0 | F23: ='1,6 CN'!E23 -> 0 | G23: =IFERROR(E23/F23,"") | H23: =[6]A07!$U$92+[6]A32!$V$56 -> 0 | I23: ='1,6 CN'!H23 -> 0 | J23: =IFERROR(H23/I23,"") | K23: =[7]A07!$U$92+[7]A32!$V$56 -> 0 | L23: ='1,6 CN'!K23 -> 0 | M23: =IFERROR(K23/L23,"") | N23: =[8]A07!$U$92+[8]A32!$V$56 -> 0 | O23: ='1,6 CN'!N23 -> 0 | P23: =N23/O23 -> #DIV/0! | S23: =Q23/R23 -> #DIV/0! | V23: =T23/U23 -> #DIV/0! | Y23: =W23/X23 -> #DIV/0! | AB23: =Z23/AA23 -> #DIV/0! | AE23: =AC23/AD23 -> #DIV/0! | AH23: =AF23/AG23 -> #DIV/0! | AK23: =+AI23/AJ23 -> #DIV/0! | AL23: =B23+E23+H23+K23+N23 -> 0 | AM23: =C23+F23+I23+L23+O23 -> 0 | AN23: =IFERROR(AL23/AM23,"") | AO23: =IF(AN23<12%,"1","0") -> 0 | AS23: <12%
A24: Inmunología | B24: =[4]A07!$U$93+[4]A32!$V$57 -> 3 | C24: ='1,6 CN'!B24 -> 37 | D24: =IFERROR(B24/C24,"") -> 0.081081081 | E24: =[5]A07!$U$93+[5]A32!$V$57 -> 3 | F24: ='1,6 CN'!E24 -> 34 | G24: =IFERROR(E24/F24,"") -> 0.088235294 | H24: =[6]A07!$U$93+[6]A32!$V$57 -> 0 | I24: ='1,6 CN'!H24 -> 43 | J24: =IFERROR(H24/I24,"") -> 0 | K24: =[7]A07!$U$93+[7]A32!$V$57 -> 4 | L24: ='1,6 CN'!K24 -> 32 | M24: =IFERROR(K24/L24,"") -> 0.125 | N24: =[8]A07!$U$93+[8]A32!$V$57 -> 2 | O24: ='1,6 CN'!N24 -> 34 | P24: =N24/O24 -> 0.058823529 | S24: =Q24/R24 -> #DIV/0! | V24: =T24/U24 -> #DIV/0! | Y24: =W24/X24 -> #DIV/0! | AB24: =Z24/AA24 -> #DIV/0! | AE24: =AC24/AD24 -> #DIV/0! | AH24: =AF24/AG24 -> #DIV/0! | AK24: =+AI24/AJ24 -> #DIV/0! | AL24: =B24+E24+H24+K24+N24 -> 12 | AM24: =C24+F24+I24+L24+O24 -> 180 | AN24: =IFERROR(AL24/AM24,"") -> 0.066666667 | AO24: =IF(AN24<12%,"1","0") -> 1 | AS24: <12%
A25: Geriatría | B25: =[4]A07!$U$94+[4]A32!$V$58 -> 0 | C25: ='1,6 CN'!B25 -> 0 | D25: =IFERROR(B25/C25,"") | E25: =[5]A07!$U$94+[5]A32!$V$58 -> 0 | F25: ='1,6 CN'!E25 -> 0 | G25: =IFERROR(E25/F25,"") | H25: =[6]A07!$U$94+[6]A32!$V$58 -> 0 | I25: ='1,6 CN'!H25 -> 0 | J25: =IFERROR(H25/I25,"") | K25: =[7]A07!$U$94+[7]A32!$V$58 -> 0 | L25: ='1,6 CN'!K25 -> 0 | M25: =IFERROR(K25/L25,"") | N25: =[8]A07!$U$94+[8]A32!$V$58 -> 0 | O25: ='1,6 CN'!N25 -> 0 | P25: =N25/O25 -> #DIV/0! | S25: =Q25/R25 -> #DIV/0! | V25: =T25/U25 -> #DIV/0! | Y25: =W25/X25 -> #DIV/0! | AB25: =Z25/AA25 -> #DIV/0! | AE25: =AC25/AD25 -> #DIV/0! | AH25: =AF25/AG25 -> #DIV/0! | AK25: =+AI25/AJ25 -> #DIV/0! | AL25: =B25+E25+H25+K25+N25 -> 0 | AM25: =C25+F25+I25+L25+O25 -> 0 | AN25: =IFERROR(AL25/AM25,"") | AO25: =IF(AN25<12%,"1","0") -> 0 | AS25: <12%
A26: Medicina Física y Rehabilitación | B26: =[4]A07!$U$95+[4]A32!$V$59 -> 0 | C26: ='1,6 CN'!B26 -> 0 | D26: =IFERROR(B26/C26,"") | E26: =[5]A07!$U$95+[5]A32!$V$59 -> 0 | F26: ='1,6 CN'!E26 -> 0 | G26: =IFERROR(E26/F26,"") | H26: =[6]A07!$U$95+[6]A32!$V$59 -> 0 | I26: ='1,6 CN'!H26 -> 0 | J26: =IFERROR(H26/I26,"") | K26: =[7]A07!$U$95+[7]A32!$V$59 -> 0 | L26: ='1,6 CN'!K26 -> 0 | M26: =IFERROR(K26/L26,"") | N26: =[8]A07!$U$95+[8]A32!$V$59 -> 0 | O26: ='1,6 CN'!N26 -> 0 | P26: =N26/O26 -> #DIV/0! | S26: =Q26/R26 -> #DIV/0! | V26: =T26/U26 -> #DIV/0! | Y26: =W26/X26 -> #DIV/0! | AB26: =Z26/AA26 -> #DIV/0! | AE26: =AC26/AD26 -> #DIV/0! | AH26: =AF26/AG26 -> #DIV/0! | AK26: =+AI26/AJ26 -> #DIV/0! | AL26: =B26+E26+H26+K26+N26 -> 0 | AM26: =C26+F26+I26+L26+O26 -> 0 | AN26: =IFERROR(AL26/AM26,"") | AO26: =IF(AN26<12%,"1","0") -> 0 | AS26: <12%
A27: Medicina Reproductiva e Infertilidad | B27: =[4]A07!$U$96+[4]A32!$V$60 -> 0 | C27: ='1,6 CN'!B27 -> 0 | D27: =IFERROR(B27/C27,"") | E27: =[5]A07!$U$96+[5]A32!$V$60 -> 0 | F27: ='1,6 CN'!E27 -> 0 | G27: =IFERROR(E27/F27,"") | H27: =[6]A07!$U$96+[6]A32!$V$60 -> 0 | I27: ='1,6 CN'!H27 -> 0 | J27: =IFERROR(H27/I27,"") | K27: =[7]A07!$U$96+[7]A32!$V$60 -> 0 | L27: ='1,6 CN'!K27 -> 0 | M27: =IFERROR(K27/L27,"") | N27: =[8]A07!$U$96+[8]A32!$V$60 -> 0 | O27: ='1,6 CN'!N27 -> 0 | P27: =N27/O27 -> #DIV/0! | S27: =Q27/R27 -> #DIV/0! | V27: =T27/U27 -> #DIV/0! | Y27: =W27/X27 -> #DIV/0! | AB27: =Z27/AA27 -> #DIV/0! | AE27: =AC27/AD27 -> #DIV/0! | AH27: =AF27/AG27 -> #DIV/0! | AK27: =+AI27/AJ27 -> #DIV/0! | AL27: =B27+E27+H27+K27+N27 -> 0 | AM27: =C27+F27+I27+L27+O27 -> 0 | AN27: =IFERROR(AL27/AM27,"") | AO27: =IF(AN27<12%,"1","0") -> 0 | AS27: <12%
A28: Neurología Pediátrica | B28: =[4]A07!$U$97+[4]A32!$V$61 -> 5 | C28: ='1,6 CN'!B28 -> 19 | D28: =IFERROR(B28/C28,"") -> 0.26315789 | E28: =[5]A07!$U$97+[5]A32!$V$61 -> 0 | F28: ='1,6 CN'!E28 -> 19 | G28: =IFERROR(E28/F28,"") -> 0 | H28: =[6]A07!$U$97+[6]A32!$V$61 -> 2 | I28: ='1,6 CN'!H28 -> 35 | J28: =IFERROR(H28/I28,"") -> 0.057142857 | K28: =[7]A07!$U$97+[7]A32!$V$61 -> 1 | L28: ='1,6 CN'!K28 -> 22 | M28: =IFERROR(K28/L28,"") -> 0.045454545 | N28: =[8]A07!$U$97+[8]A32!$V$61 -> 0 | O28: ='1,6 CN'!N28 -> 23 | P28: =N28/O28 -> 0 | S28: =Q28/R28 -> #DIV/0! | V28: =T28/U28 -> #DIV/0! | Y28: =W28/X28 -> #DIV/0! | AB28: =Z28/AA28 -> #DIV/0! | AE28: =AC28/AD28 -> #DIV/0! | AH28: =AF28/AG28 -> #DIV/0! | AK28: =+AI28/AJ28 -> #DIV/0! | AL28: =B28+E28+H28+K28+N28 -> 8 | AM28: =C28+F28+I28+L28+O28 -> 118 | AN28: =IFERROR(AL28/AM28,"") -> 0.06779661 | AO28: =IF(AN28<12%,"1","0") -> 1 | AS28: <12%
A29: Neurología Adulto | B29: =[4]A07!$U$98+[4]A32!$V$62 -> 9 | C29: ='1,6 CN'!B29 -> 67 | D29: =IFERROR(B29/C29,"") -> 0.13432836 | E29: =[5]A07!$U$98+[5]A32!$V$62 -> 3 | F29: ='1,6 CN'!E29 -> 32 | G29: =IFERROR(E29/F29,"") -> 0.09375 | H29: =[6]A07!$U$98+[6]A32!$V$62 -> 8 | I29: ='1,6 CN'!H29 -> 40 | J29: =IFERROR(H29/I29,"") -> 0.2 | K29: =[7]A07!$U$98+[7]A32!$V$62 -> 0 | L29: ='1,6 CN'!K29 -> 52 | M29: =IFERROR(K29/L29,"") -> 0 | N29: =[8]A07!$U$98+[8]A32!$V$62 -> 0 | O29: ='1,6 CN'!N29 -> 129 | P29: =N29/O29 -> 0 | S29: =Q29/R29 -> #DIV/0! | V29: =T29/U29 -> #DIV/0! | Y29: =W29/X29 -> #DIV/0! | AB29: =Z29/AA29 -> #DIV/0! | AE29: =AC29/AD29 -> #DIV/0! | AH29: =AF29/AG29 -> #DIV/0! | AK29: =+AI29/AJ29 -> #DIV/0! | AL29: =B29+E29+H29+K29+N29 -> 20 | AM29: =C29+F29+I29+L29+O29 -> 320 | AN29: =IFERROR(AL29/AM29,"") -> 0.0625 | AO29: =IF(AN29<12%,"1","0") -> 1 | AS29: <12%
A30: Oncología Médica | B30: =[4]A07!$U$99+[4]A32!$V$63 -> 0 | C30: ='1,6 CN'!B30 -> 0 | D30: =IFERROR(B30/C30,"") | E30: =[5]A07!$U$99+[5]A32!$V$63 -> 0 | F30: ='1,6 CN'!E30 -> 0 | G30: =IFERROR(E30/F30,"") | H30: =[6]A07!$U$99+[6]A32!$V$63 -> 0 | I30: ='1,6 CN'!H30 -> 0 | J30: =IFERROR(H30/I30,"") | K30: =[7]A07!$U$99+[7]A32!$V$63 -> 0 | L30: ='1,6 CN'!K30 -> 0 | M30: =IFERROR(K30/L30,"") | N30: =[8]A07!$U$99+[8]A32!$V$63 -> 0 | O30: ='1,6 CN'!N30 -> 0 | P30: =N30/O30 -> #DIV/0! | S30: =Q30/R30 -> #DIV/0! | V30: =T30/U30 -> #DIV/0! | Y30: =W30/X30 -> #DIV/0! | AB30: =Z30/AA30 -> #DIV/0! | AE30: =AC30/AD30 -> #DIV/0! | AH30: =AF30/AG30 -> #DIV/0! | AK30: =+AI30/AJ30 -> #DIV/0! | AL30: =B30+E30+H30+K30+N30 -> 0 | AM30: =C30+F30+I30+L30+O30 -> 0 | AN30: =IFERROR(AL30/AM30,"") | AO30: =IF(AN30<12%,"1","0") -> 0 | AS30: <12%
A31: Psiquiatría Pediátrica y de La Adolescencia | B31: =[4]A07!$U$100+[4]A32!$V$64 -> 5 | C31: ='1,6 CN'!B31 -> 0 | D31: =IFERROR(B31/C31,"") | E31: =[5]A07!$U$100+[5]A32!$V$64 -> 3 | F31: ='1,6 CN'!E31 -> 1 | G31: =IFERROR(E31/F31,"") -> 3 | H31: =[6]A07!$U$100+[6]A32!$V$64 -> 4 | I31: ='1,6 CN'!H31 -> 11 | J31: =IFERROR(H31/I31,"") -> 0.36363636 | K31: =[7]A07!$U$100+[7]A32!$V$64 -> 2 | L31: ='1,6 CN'!K31 -> 6 | M31: =IFERROR(K31/L31,"") -> 0.33333333 | N31: =[8]A07!$U$100+[8]A32!$V$64 -> 4 | O31: ='1,6 CN'!N31 -> 8 | P31: =N31/O31 -> 0.5 | S31: =Q31/R31 -> #DIV/0! | V31: =T31/U31 -> #DIV/0! | Y31: =W31/X31 -> #DIV/0! | AB31: =Z31/AA31 -> #DIV/0! | AE31: =AC31/AD31 -> #DIV/0! | AH31: =AF31/AG31 -> #DIV/0! | AK31: =+AI31/AJ31 -> #DIV/0! | AL31: =B31+E31+H31+K31+N31 -> 18 | AM31: =C31+F31+I31+L31+O31 -> 26 | AN31: =IFERROR(AL31/AM31,"") -> 0.69230769 | AO31: =IF(AN31<12%,"1","0") -> 0 | AS31: <12%
A32: Psiquiatría Adulto | B32: =[4]A07!$U$101+[4]A32!$V$65 -> 4 | C32: ='1,6 CN'!B32 -> 5 | D32: =IFERROR(B32/C32,"") -> 0.8 | E32: =[5]A07!$U$101+[5]A32!$V$65 -> 3 | F32: ='1,6 CN'!E32 -> 4 | G32: =IFERROR(E32/F32,"") -> 0.75 | H32: =[6]A07!$U$101+[6]A32!$V$65 -> 4 | I32: ='1,6 CN'!H32 -> 19 | J32: =IFERROR(H32/I32,"") -> 0.21052632 | K32: =[7]A07!$U$101+[7]A32!$V$65 -> 2 | L32: ='1,6 CN'!K32 -> 15 | M32: =IFERROR(K32/L32,"") -> 0.13333333 | N32: =[8]A07!$U$101+[8]A32!$V$65 -> 1 | O32: ='1,6 CN'!N32 -> 16 | P32: =N32/O32 -> 0.0625 | S32: =Q32/R32 -> #DIV/0! | V32: =T32/U32 -> #DIV/0! | Y32: =W32/X32 -> #DIV/0! | AB32: =Z32/AA32 -> #DIV/0! | AE32: =AC32/AD32 -> #DIV/0! | AH32: =AF32/AG32 -> #DIV/0! | AK32: =+AI32/AJ32 -> #DIV/0! | AL32: =B32+E32+H32+K32+N32 -> 14 | AM32: =C32+F32+I32+L32+O32 -> 59 | AN32: =IFERROR(AL32/AM32,"") -> 0.23728814 | AO32: =IF(AN32<12%,"1","0") -> 0 | AS32: <12%
A33: Cirugía Pediátrica | B33: =[4]A07!$U$102+[4]A32!$V$66 -> 1 | C33: ='1,6 CN'!B33 -> 35 | D33: =IFERROR(B33/C33,"") -> 0.028571429 | E33: =[5]A07!$U$102+[5]A32!$V$66 -> 3 | F33: ='1,6 CN'!E33 -> 26 | G33: =IFERROR(E33/F33,"") -> 0.11538462 | H33: =[6]A07!$U$102+[6]A32!$V$66 -> 4 | I33: ='1,6 CN'!H33 -> 31 | J33: =IFERROR(H33/I33,"") -> 0.12903226 | K33: =[7]A07!$U$102+[7]A32!$V$66 -> 3 | L33: ='1,6 CN'!K33 -> 59 | M33: =IFERROR(K33/L33,"") -> 0.050847458 | N33: =[8]A07!$U$102+[8]A32!$V$66 -> 1 | O33: ='1,6 CN'!N33 -> 22 | P33: =N33/O33 -> 0.045454545 | S33: =Q33/R33 -> #DIV/0! | V33: =T33/U33 -> #DIV/0! | Y33: =W33/X33 -> #DIV/0! | AB33: =Z33/AA33 -> #DIV/0! | AE33: =AC33/AD33 -> #DIV/0! | AH33: =AF33/AG33 -> #DIV/0! | AK33: =+AI33/AJ33 -> #DIV/0! | AL33: =B33+E33+H33+K33+N33 -> 12 | AM33: =C33+F33+I33+L33+O33 -> 173 | AN33: =IFERROR(AL33/AM33,"") -> 0.069364162 | AO33: =IF(AN33<12%,"1","0") -> 1 | AS33: <12%
A34: Cirugía General | B34: =[4]A07!$U$103+[4]A32!$V$67 -> 15 | C34: ='1,6 CN'!B34 -> 141 | D34: =IFERROR(B34/C34,"") -> 0.10638298 | E34: =[5]A07!$U$103+[5]A32!$V$67 -> 10 | F34: ='1,6 CN'!E34 -> 75 | G34: =IFERROR(E34/F34,"") -> 0.13333333 | H34: =[6]A07!$U$103+[6]A32!$V$67 -> 24 | I34: ='1,6 CN'!H34 -> 174 | J34: =IFERROR(H34/I34,"") -> 0.13793103 | K34: =[7]A07!$U$103+[7]A32!$V$67 -> 10 | L34: ='1,6 CN'!K34 -> 116 | M34: =IFERROR(K34/L34,"") -> 0.086206897 | N34: =[8]A07!$U$103+[8]A32!$V$67 -> 7 | O34: ='1,6 CN'!N34 -> 91 | P34: =N34/O34 -> 0.076923077 | S34: =Q34/R34 -> #DIV/0! | V34: =T34/U34 -> #DIV/0! | Y34: =W34/X34 -> #DIV/0! | AB34: =Z34/AA34 -> #DIV/0! | AE34: =AC34/AD34 -> #DIV/0! | AH34: =AF34/AG34 -> #DIV/0! | AK34: =+AI34/AJ34 -> #DIV/0! | AL34: =B34+E34+H34+K34+N34 -> 66 | AM34: =C34+F34+I34+L34+O34 -> 597 | AN34: =IFERROR(AL34/AM34,"") -> 0.11055276 | AO34: =IF(AN34<12%,"1","0") -> 1 | AS34: <12%
A35: Cirugía Digestiva (Alta) | B35: =[4]A07!$U$104+[4]A32!$V$68 -> 0 | C35: ='1,6 CN'!B35 -> 0 | D35: =IFERROR(B35/C35,"") | E35: =[5]A07!$U$104+[5]A32!$V$68 -> 1 | F35: ='1,6 CN'!E35 -> 4 | G35: =IFERROR(E35/F35,"") -> 0.25 | H35: =[6]A07!$U$104+[6]A32!$V$68 -> 0 | I35: ='1,6 CN'!H35 -> 7 | J35: =IFERROR(H35/I35,"") -> 0 | K35: =[7]A07!$U$104+[7]A32!$V$68 -> 1 | L35: ='1,6 CN'!K35 -> 8 | M35: =IFERROR(K35/L35,"") -> 0.125 | N35: =[8]A07!$U$104+[8]A32!$V$68 -> 0 | O35: ='1,6 CN'!N35 -> 5 | P35: =N35/O35 -> 0 | S35: =Q35/R35 -> #DIV/0! | V35: =T35/U35 -> #DIV/0! | Y35: =W35/X35 -> #DIV/0! | AB35: =Z35/AA35 -> #DIV/0! | AE35: =AC35/AD35 -> #DIV/0! | AH35: =AF35/AG35 -> #DIV/0! | AK35: =+AI35/AJ35 -> #DIV/0! | AL35: =B35+E35+H35+K35+N35 -> 2 | AM35: =C35+F35+I35+L35+O35 -> 24 | AN35: =IFERROR(AL35/AM35,"") -> 0.083333333 | AO35: =IF(AN35<12%,"1","0") -> 1 | AS35: <12%
A36: Cirugía de Cabeza, Cuello y Maxilofacial | B36: =[4]A07!$U$105+[4]A32!$V$69 -> 0 | C36: ='1,6 CN'!B36 -> 0 | D36: =IFERROR(B36/C36,"") | E36: =[5]A07!$U$105+[5]A32!$V$69 -> 0 | F36: ='1,6 CN'!E36 -> 0 | G36: =IFERROR(E36/F36,"") | H36: =[6]A07!$U$105+[6]A32!$V$69 -> 0 | I36: ='1,6 CN'!H36 -> 0 | J36: =IFERROR(H36/I36,"") | K36: =[7]A07!$U$105+[7]A32!$V$69 -> 0 | L36: ='1,6 CN'!K36 -> 0 | M36: =IFERROR(K36/L36,"") | N36: =[8]A07!$U$105+[8]A32!$V$69 -> 0 | O36: ='1,6 CN'!N36 -> 0 | P36: =N36/O36 -> #DIV/0! | S36: =Q36/R36 -> #DIV/0! | V36: =T36/U36 -> #DIV/0! | Y36: =W36/X36 -> #DIV/0! | AB36: =Z36/AA36 -> #DIV/0! | AE36: =AC36/AD36 -> #DIV/0! | AH36: =AF36/AG36 -> #DIV/0! | AK36: =+AI36/AJ36 -> #DIV/0! | AL36: =B36+E36+H36+K36+N36 -> 0 | AM36: =C36+F36+I36+L36+O36 -> 0 | AN36: =IFERROR(AL36/AM36,"") | AO36: =IF(AN36<12%,"1","0") -> 0 | AS36: <12%
A37: Cirugía Plástica y Reparadora | B37: =[4]A07!$U$106+[4]A32!$V$70 -> 0 | C37: ='1,6 CN'!B37 -> 0 | D37: =IFERROR(B37/C37,"") | E37: =[5]A07!$U$106+[5]A32!$V$70 -> 0 | F37: ='1,6 CN'!E37 -> 0 | G37: =IFERROR(E37/F37,"") | H37: =[6]A07!$U$106+[6]A32!$V$70 -> 0 | I37: ='1,6 CN'!H37 -> 0 | J37: =IFERROR(H37/I37,"") | K37: =[7]A07!$U$106+[7]A32!$V$70 -> 0 | L37: ='1,6 CN'!K37 -> 0 | M37: =IFERROR(K37/L37,"") | N37: =[8]A07!$U$106+[8]A32!$V$70 -> 0 | O37: ='1,6 CN'!N37 -> 0 | P37: =N37/O37 -> #DIV/0! | S37: =Q37/R37 -> #DIV/0! | V37: =T37/U37 -> #DIV/0! | Y37: =W37/X37 -> #DIV/0! | AB37: =Z37/AA37 -> #DIV/0! | AE37: =AC37/AD37 -> #DIV/0! | AH37: =AF37/AG37 -> #DIV/0! | AK37: =+AI37/AJ37 -> #DIV/0! | AL37: =B37+E37+H37+K37+N37 -> 0 | AM37: =C37+F37+I37+L37+O37 -> 0 | AN37: =IFERROR(AL37/AM37,"") | AO37: =IF(AN37<12%,"1","0") -> 0 | AS37: <12%
A38: Medicina del Deporte | B38: =[4]A07!$U$107+[4]A32!$V$71 -> 0 | C38: ='1,6 CN'!B38 -> 0 | D38: =IFERROR(B38/C38,"") | E38: =[5]A07!$U$107+[5]A32!$V$71 -> 0 | F38: ='1,6 CN'!E38 -> 0 | G38: =IFERROR(E38/F38,"") | H38: =[6]A07!$U$107+[6]A32!$V$71 -> 0 | I38: ='1,6 CN'!H38 -> 0 | J38: =IFERROR(H38/I38,"") | K38: =[7]A07!$U$107+[7]A32!$V$71 -> 0 | L38: ='1,6 CN'!K38 -> 0 | M38: =IFERROR(K38/L38,"") | N38: =[8]A07!$U$107+[8]A32!$V$71 -> 0 | O38: ='1,6 CN'!N38 -> 0 | P38: =N38/O38 -> #DIV/0! | S38: =Q38/R38 -> #DIV/0! | V38: =T38/U38 -> #DIV/0! | Y38: =W38/X38 -> #DIV/0! | AB38: =Z38/AA38 -> #DIV/0! | AE38: =AC38/AD38 -> #DIV/0! | AH38: =AF38/AG38 -> #DIV/0! | AK38: =+AI38/AJ38 -> #DIV/0! | AL38: =B38+E38+H38+K38+N38 -> 0 | AM38: =C38+F38+I38+L38+O38 -> 0 | AN38: =IFERROR(AL38/AM38,"") | AO38: =IF(AN38<12%,"1","0") -> 0 | AS38: <12%
A39: Coloproctología (Cirugía Digestiva Baja) | B39: =[4]A07!$U$108+[4]A32!$V$72 -> 0 | C39: ='1,6 CN'!B39 -> 10 | D39: =IFERROR(B39/C39,"") -> 0 | E39: =[5]A07!$U$108+[5]A32!$V$72 -> 0 | F39: ='1,6 CN'!E39 -> 7 | G39: =IFERROR(E39/F39,"") -> 0 | H39: =[6]A07!$U$108+[6]A32!$V$72 -> 0 | I39: ='1,6 CN'!H39 -> 7 | J39: =IFERROR(H39/I39,"") -> 0 | K39: =[7]A07!$U$108+[7]A32!$V$72 -> 1 | L39: ='1,6 CN'!K39 -> 13 | M39: =IFERROR(K39/L39,"") -> 0.076923077 | N39: =[8]A07!$U$108+[8]A32!$V$72 -> 0 | O39: ='1,6 CN'!N39 -> 10 | P39: =N39/O39 -> 0 | S39: =Q39/R39 -> #DIV/0! | V39: =T39/U39 -> #DIV/0! | Y39: =W39/X39 -> #DIV/0! | AB39: =Z39/AA39 -> #DIV/0! | AE39: =AC39/AD39 -> #DIV/0! | AH39: =AF39/AG39 -> #DIV/0! | AK39: =+AI39/AJ39 -> #DIV/0! | AL39: =B39+E39+H39+K39+N39 -> 1 | AM39: =C39+F39+I39+L39+O39 -> 47 | AN39: =IFERROR(AL39/AM39,"") -> 0.021276596 | AO39: =IF(AN39<12%,"1","0") -> 1 | AS39: <12%
A40: Cirugía Tórax | B40: =[4]A07!$U$109+[4]A32!$V$73 -> 0 | C40: ='1,6 CN'!B40 -> 0 | D40: =IFERROR(B40/C40,"") | E40: =[5]A07!$U$109+[5]A32!$V$73 -> 0 | F40: ='1,6 CN'!E40 -> 0 | G40: =IFERROR(E40/F40,"") | H40: =[6]A07!$U$109+[6]A32!$V$73 -> 0 | I40: ='1,6 CN'!H40 -> 0 | J40: =IFERROR(H40/I40,"") | K40: =[7]A07!$U$109+[7]A32!$V$73 -> 0 | L40: ='1,6 CN'!K40 -> 0 | M40: =IFERROR(K40/L40,"") | N40: =[8]A07!$U$109+[8]A32!$V$73 -> 0 | O40: ='1,6 CN'!N40 -> 0 | P40: =N40/O40 -> #DIV/0! | S40: =Q40/R40 -> #DIV/0! | V40: =T40/U40 -> #DIV/0! | Y40: =W40/X40 -> #DIV/0! | AB40: =Z40/AA40 -> #DIV/0! | AE40: =AC40/AD40 -> #DIV/0! | AH40: =AF40/AG40 -> #DIV/0! | AK40: =+AI40/AJ40 -> #DIV/0! | AL40: =B40+E40+H40+K40+N40 -> 0 | AM40: =C40+F40+I40+L40+O40 -> 0 | AN40: =IFERROR(AL40/AM40,"") | AO40: =IF(AN40<12%,"1","0") -> 0 | AS40: <12%
A41: Cirugía Vascular Periférica | B41: =[4]A07!U110+[4]A32!V74 -> 0 | C41: ='1,6 CN'!B41 -> 0 | D41: =IFERROR(B41/C41,"") | E41: =[5]A07!X110+[5]A32!Y74 -> 0 | F41: ='1,6 CN'!E41 -> 0 | G41: =IFERROR(E41/F41,"") | H41: =[6]A07!AA110+[6]A32!AB74 -> 0 | I41: ='1,6 CN'!H41 -> 0 | J41: =IFERROR(H41/I41,"") | K41: =[7]A07!AD110+[7]A32!AE74 -> 0 | L41: ='1,6 CN'!K41 -> 0 | M41: =IFERROR(K41/L41,"") | N41: =[8]A07!AG110+[8]A32!AH74 -> 0 | O41: ='1,6 CN'!N41 -> 0 | P41: =N41/O41 -> #DIV/0! | S41: =Q41/R41 -> #DIV/0! | V41: =T41/U41 -> #DIV/0! | Y41: =W41/X41 -> #DIV/0! | AB41: =Z41/AA41 -> #DIV/0! | AE41: =AC41/AD41 -> #DIV/0! | AH41: =AF41/AG41 -> #DIV/0! | AK41: =+AI41/AJ41 -> #DIV/0! | AL41: =B41+E41+H41+K41+N41 -> 0 | AM41: =C41+F41+I41+L41+O41 -> 0 | AN41: =IFERROR(AL41/AM41,"") | AO41: =IF(AN41<12%,"1","0") -> 0 | AS41: <12%
A42: Neurocirugía | B42: =[4]A07!$U$111+[4]A32!$V$75 -> 0 | C42: ='1,6 CN'!B42 -> 0 | D42: =IFERROR(B42/C42,"") | E42: =[5]A07!$U$111+[5]A32!$V$75 -> 0 | F42: ='1,6 CN'!E42 -> 0 | G42: =IFERROR(E42/F42,"") | H42: =[6]A07!$U$111+[6]A32!$V$75 -> 0 | I42: ='1,6 CN'!H42 -> 0 | J42: =IFERROR(H42/I42,"") | K42: =[7]A07!$U$111+[7]A32!$V$75 -> 0 | L42: ='1,6 CN'!K42 -> 0 | M42: =IFERROR(K42/L42,"") | N42: =[8]A07!$U$111+[8]A32!$V$75 -> 0 | O42: ='1,6 CN'!N42 -> 0 | P42: =N42/O42 -> #DIV/0! | S42: =Q42/R42 -> #DIV/0! | V42: =T42/U42 -> #DIV/0! | Y42: =W42/X42 -> #DIV/0! | AB42: =Z42/AA42 -> #DIV/0! | AE42: =AC42/AD42 -> #DIV/0! | AH42: =AF42/AG42 -> #DIV/0! | AK42: =+AI42/AJ42 -> #DIV/0! | AL42: =B42+E42+H42+K42+N42 -> 0 | AM42: =C42+F42+I42+L42+O42 -> 0 | AN42: =IFERROR(AL42/AM42,"") | AO42: =IF(AN42<12%,"1","0") -> 0 | AS42: <12%
A43: Cirugía Cardiovascular | B43: =[4]A07!$U$112+[4]A32!$V$76 -> 0 | C43: ='1,6 CN'!B43 -> 0 | D43: =IFERROR(B43/C43,"") | E43: =[5]A07!$U$112+[5]A32!$V$76 -> 0 | F43: ='1,6 CN'!E43 -> 0 | G43: =IFERROR(E43/F43,"") | H43: =[6]A07!$U$112+[6]A32!$V$76 -> 0 | I43: ='1,6 CN'!H43 -> 0 | J43: =IFERROR(H43/I43,"") | K43: =[7]A07!$U$112+[7]A32!$V$76 -> 0 | L43: ='1,6 CN'!K43 -> 0 | M43: =IFERROR(K43/L43,"") | N43: =[8]A07!$U$112+[8]A32!$V$76 -> 0 | O43: ='1,6 CN'!N43 -> 0 | P43: =N43/O43 -> #DIV/0! | S43: =Q43/R43 -> #DIV/0! | V43: =T43/U43 -> #DIV/0! | Y43: =W43/X43 -> #DIV/0! | AB43: =Z43/AA43 -> #DIV/0! | AE43: =AC43/AD43 -> #DIV/0! | AH43: =AF43/AG43 -> #DIV/0! | AK43: =+AI43/AJ43 -> #DIV/0! | AL43: =B43+E43+H43+K43+N43 -> 0 | AM43: =C43+F43+I43+L43+O43 -> 0 | AN43: =IFERROR(AL43/AM43,"") | AO43: =IF(AN43<12%,"1","0") -> 0 | AS43: <12%
A44: Anestesiología | B44: =[4]A07!$U$113+[4]A32!$V$77 -> 7 | C44: ='1,6 CN'!B44 -> 72 | D44: =IFERROR(B44/C44,"") -> 0.097222222 | E44: =[5]A07!$U$113+[5]A32!$V$77 -> 4 | F44: ='1,6 CN'!E44 -> 43 | G44: =IFERROR(E44/F44,"") -> 0.093023256 | H44: =[6]A07!$U$113+[6]A32!$V$77 -> 7 | I44: ='1,6 CN'!H44 -> 64 | J44: =IFERROR(H44/I44,"") -> 0.109375 | K44: =[7]A07!$U$113+[7]A32!$V$77 -> 1 | L44: ='1,6 CN'!K44 -> 30 | M44: =IFERROR(K44/L44,"") -> 0.033333333 | N44: =[8]A07!$U$113+[8]A32!$V$77 -> 1 | O44: ='1,6 CN'!N44 -> 40 | P44: =N44/O44 -> 0.025 | S44: =Q44/R44 -> #DIV/0! | V44: =T44/U44 -> #DIV/0! | Y44: =W44/X44 -> #DIV/0! | AB44: =Z44/AA44 -> #DIV/0! | AE44: =AC44/AD44 -> #DIV/0! | AH44: =AF44/AG44 -> #DIV/0! | AK44: =+AI44/AJ44 -> #DIV/0! | AL44: =B44+E44+H44+K44+N44 -> 20 | AM44: =C44+F44+I44+L44+O44 -> 249 | AN44: =IFERROR(AL44/AM44,"") -> 0.080321285 | AO44: =IF(AN44<12%,"1","0") -> 1 | AS44: <12%
A45: Obstetricia y Ginecología | B45: =[4]A07!$U$114+[4]A32!$V$78 -> 69 | C45: ='1,6 CN'!B45 -> 258 | D45: =IFERROR(B45/C45,"") -> 0.26744186 | E45: =[5]A07!$U$114+[5]A32!$V$78 -> 39 | F45: ='1,6 CN'!E45 -> 162 | G45: =IFERROR(E45/F45,"") -> 0.24074074 | H45: =[6]A07!$U$114+[6]A32!$V$78 -> 35 | I45: ='1,6 CN'!H45 -> 241 | J45: =IFERROR(H45/I45,"") -> 0.14522822 | K45: =[7]A07!$U$114+[7]A32!$V$78 -> 29 | L45: ='1,6 CN'!K45 -> 211 | M45: =IFERROR(K45/L45,"") -> 0.13744076 | N45: =[8]A07!$U$114+[8]A32!$V$78 -> 18 | O45: ='1,6 CN'!N45 -> 195 | P45: =N45/O45 -> 0.092307692 | S45: =Q45/R45 -> #DIV/0! | V45: =T45/U45 -> #DIV/0! | Y45: =W45/X45 -> #DIV/0! | AB45: =Z45/AA45 -> #DIV/0! | AE45: =AC45/AD45 -> #DIV/0! | AH45: =AF45/AG45 -> #DIV/0! | AK45: =+AI45/AJ45 -> #DIV/0! | AL45: =B45+E45+H45+K45+N45 -> 190 | AM45: =C45+F45+I45+L45+O45 -> 1067 | AN45: =IFERROR(AL45/AM45,"") -> 0.17806935 | AO45: =IF(AN45<12%,"1","0") -> 0 | AS45: <12%
A46: Ginecología oncológica | B46: =[4]A07!$U$115+[4]A32!$V$79 -> 0 | C46: ='1,6 CN'!B46 -> 0 | D46: =IFERROR(B46/C46,"") | E46: =[5]A07!$U$115+[5]A32!$V$79 -> 0 | F46: ='1,6 CN'!E46 -> 0 | G46: =IFERROR(E46/F46,"") | H46: =[6]A07!$U$115+[6]A32!$V$79 -> 0 | I46: ='1,6 CN'!H46 -> 0 | J46: =IFERROR(H46/I46,"") | K46: =[7]A07!$U$115+[7]A32!$V$79 -> 0 | L46: ='1,6 CN'!K46 -> 0 | M46: =IFERROR(K46/L46,"") | N46: =[8]A07!$U$115+[8]A32!$V$79 -> 0 | O46: ='1,6 CN'!N46 -> 0 | P46: =N46/O46 -> #DIV/0! | S46: =Q46/R46 -> #DIV/0! | V46: =T46/U46 -> #DIV/0! | Y46: =W46/X46 -> #DIV/0! | AB46: =Z46/AA46 -> #DIV/0! | AE46: =AC46/AD46 -> #DIV/0! | AH46: =AF46/AG46 -> #DIV/0! | AK46: =+AI46/AJ46 -> #DIV/0! | AL46: =B46+E46+H46+K46+N46 -> 0 | AM46: =C46+F46+I46+L46+O46 -> 0 | AN46: =IFERROR(AL46/AM46,"") | AO46: =IF(AN46<12%,"1","0") -> 0 | AS46: <12%
A47: Neurorradiologia | B47: =[4]A07!$U$116+[4]A32!$V$80 -> 0 | C47: ='1,6 CN'!B47 -> 0 | D47: =IFERROR(B47/C47,"") | E47: =[5]A07!$U$116+[5]A32!$V$80 -> 0 | F47: ='1,6 CN'!E47 -> 0 | G47: =IFERROR(E47/F47,"") | H47: =[6]A07!$U$116+[6]A32!$V$80 -> 0 | I47: ='1,6 CN'!H47 -> 0 | J47: =IFERROR(H47/I47,"") | K47: =[7]A07!$U$116+[7]A32!$V$80 -> 0 | L47: ='1,6 CN'!K47 -> 0 | M47: =IFERROR(K47/L47,"") | N47: =[8]A07!$U$116+[8]A32!$V$80 -> 0 | O47: ='1,6 CN'!N47 -> 0 | P47: =N47/O47 -> #DIV/0! | S47: =Q47/R47 -> #DIV/0! | V47: =T47/U47 -> #DIV/0! | Y47: =W47/X47 -> #DIV/0! | AB47: =Z47/AA47 -> #DIV/0! | AE47: =AC47/AD47 -> #DIV/0! | AH47: =AF47/AG47 -> #DIV/0! | AK47: =+AI47/AJ47 -> #DIV/0! | AL47: =B47+E47+H47+K47+N47 -> 0 | AM47: =C47+F47+I47+L47+O47 -> 0 | AN47: =IFERROR(AL47/AM47,"") | AO47: =IF(AN47<12%,"1","0") -> 0 | AS47: <12%
A48: Oftalmología | B48: =[4]A07!$U$117+[4]A32!$V$81 -> 73 | C48: ='1,6 CN'!B48 -> 378 | D48: =IFERROR(B48/C48,"") -> 0.19312169 | E48: =[5]A07!$U$117+[5]A32!$V$81 -> 51 | F48: ='1,6 CN'!E48 -> 327 | G48: =IFERROR(E48/F48,"") -> 0.1559633 | H48: =[6]A07!$U$117+[6]A32!$V$81 -> 51 | I48: ='1,6 CN'!H48 -> 324 | J48: =IFERROR(H48/I48,"") -> 0.15740741 | K48: =[7]A07!$U$117+[7]A32!$V$81 -> 21 | L48: ='1,6 CN'!K48 -> 244 | M48: =IFERROR(K48/L48,"") -> 0.086065574 | N48: =[8]A07!$U$117+[8]A32!$V$81 -> 14 | O48: ='1,6 CN'!N48 -> 120 | P48: =N48/O48 -> 0.11666667 | S48: =Q48/R48 -> #DIV/0! | V48: =T48/U48 -> #DIV/0! | Y48: =W48/X48 -> #DIV/0! | AB48: =Z48/AA48 -> #DIV/0! | AE48: =AC48/AD48 -> #DIV/0! | AH48: =AF48/AG48 -> #DIV/0! | AK48: =+AI48/AJ48 -> #DIV/0! | AL48: =B48+E48+H48+K48+N48 -> 210 | AM48: =C48+F48+I48+L48+O48 -> 1393 | AN48: =IFERROR(AL48/AM48,"") -> 0.15075377 | AO48: =IF(AN48<12%,"1","0") -> 0 | AS48: <12%
A49: Otorrinolaringología | B49: =[4]A07!$U$118+[4]A32!$V$82 -> 8 | C49: ='1,6 CN'!B49 -> 43 | D49: =IFERROR(B49/C49,"") -> 0.18604651 | E49: =[5]A07!$U$118+[5]A32!$V$82 -> 7 | F49: ='1,6 CN'!E49 -> 43 | G49: =IFERROR(E49/F49,"") -> 0.1627907 | H49: =[6]A07!$U$118+[6]A32!$V$82 -> 9 | I49: ='1,6 CN'!H49 -> 60 | J49: =IFERROR(H49/I49,"") -> 0.15 | K49: =[7]A07!$U$118+[7]A32!$V$82 -> 10 | L49: ='1,6 CN'!K49 -> 57 | M49: =IFERROR(K49/L49,"") -> 0.1754386 | N49: =[8]A07!$U$118+[8]A32!$V$82 -> 4 | O49: ='1,6 CN'!N49 -> 53 | P49: =N49/O49 -> 0.075471698 | S49: =Q49/R49 -> #DIV/0! | V49: =T49/U49 -> #DIV/0! | Y49: =W49/X49 -> #DIV/0! | AB49: =Z49/AA49 -> #DIV/0! | AE49: =AC49/AD49 -> #DIV/0! | AH49: =AF49/AG49 -> #DIV/0! | AK49: =+AI49/AJ49 -> #DIV/0! | AL49: =B49+E49+H49+K49+N49 -> 38 | AM49: =C49+F49+I49+L49+O49 -> 256 | AN49: =IFERROR(AL49/AM49,"") -> 0.1484375 | AO49: =IF(AN49<12%,"1","0") -> 0 | AS49: <12%
A50: Traumatología y Ortopedia | B50: =[4]A07!$U$119+[4]A32!$V$83 -> 28 | C50: ='1,6 CN'!B50 -> 132 | D50: =IFERROR(B50/C50,"") -> 0.21212121 | E50: =[5]A07!$U$119+[5]A32!$V$83 -> 21 | F50: ='1,6 CN'!E50 -> 100 | G50: =IFERROR(E50/F50,"") -> 0.21 | H50: =[6]A07!$U$119+[6]A32!$V$83 -> 20 | I50: ='1,6 CN'!H50 -> 160 | J50: =IFERROR(H50/I50,"") -> 0.125 | K50: =[7]A07!$U$119+[7]A32!$V$83 -> 10 | L50: ='1,6 CN'!K50 -> 118 | M50: =IFERROR(K50/L50,"") -> 0.084745763 | N50: =[8]A07!$U$119+[8]A32!$V$83 -> 13 | O50: ='1,6 CN'!N50 -> 100 | P50: =N50/O50 -> 0.13 | S50: =Q50/R50 -> #DIV/0! | V50: =T50/U50 -> #DIV/0! | Y50: =W50/X50 -> #DIV/0! | AB50: =Z50/AA50 -> #DIV/0! | AE50: =AC50/AD50 -> #DIV/0! | AH50: =AF50/AG50 -> #DIV/0! | AK50: =+AI50/AJ50 -> #DIV/0! | AL50: =B50+E50+H50+K50+N50 -> 92 | AM50: =C50+F50+I50+L50+O50 -> 610 | AN50: =IFERROR(AL50/AM50,"") -> 0.15081967 | AO50: =IF(AN50<12%,"1","0") -> 0 | AS50: <12%
A51: Urología | B51: =[4]A07!$U$120+[4]A32!$V$84 -> 10 | C51: ='1,6 CN'!B51 -> 59 | D51: =IFERROR(B51/C51,"") -> 0.16949153 | E51: =[5]A07!$U$120+[5]A32!$V$84 -> 9 | F51: ='1,6 CN'!E51 -> 29 | G51: =IFERROR(E51/F51,"") -> 0.31034483 | H51: =[6]A07!$U$120+[6]A32!$V$84 -> 2 | I51: ='1,6 CN'!H51 -> 38 | J51: =IFERROR(H51/I51,"") -> 0.052631579 | K51: =[7]A07!$U$120+[7]A32!$V$84 -> 5 | L51: ='1,6 CN'!K51 -> 28 | M51: =IFERROR(K51/L51,"") -> 0.17857143 | N51: =[8]A07!$U$120+[8]A32!$V$84 -> 4 | O51: ='1,6 CN'!N51 -> 34 | P51: =N51/O51 -> 0.11764706 | S51: =Q51/R51 -> #DIV/0! | V51: =T51/U51 -> #DIV/0! | Y51: =W51/X51 -> #DIV/0! | AB51: =Z51/AA51 -> #DIV/0! | AE51: =AC51/AD51 -> #DIV/0! | AH51: =AF51/AG51 -> #DIV/0! | AK51: =+AI51/AJ51 -> #DIV/0! | AL51: =B51+E51+H51+K51+N51 -> 30 | AM51: =C51+F51+I51+L51+O51 -> 188 | AN51: =IFERROR(AL51/AM51,"") -> 0.15957447 | AO51: =IF(AN51<12%,"1","0") -> 0 | AS51: <12%
A52: Medicina Familiar | B52: =[4]A07!$U$121+[4]A32!$V$85 -> 0 | C52: ='1,6 CN'!B52 -> 0 | D52: =IFERROR(B52/C52,"") | E52: =[5]A07!$U$121+[5]A32!$V$85 -> 0 | F52: ='1,6 CN'!E52 -> 0 | G52: =IFERROR(E52/F52,"") | H52: =[6]A07!$U$121+[6]A32!$V$85 -> 0 | I52: ='1,6 CN'!H52 -> 0 | J52: =IFERROR(H52/I52,"") | K52: =[7]A07!$U$121+[7]A32!$V$85 -> 0 | L52: ='1,6 CN'!K52 -> 0 | M52: =IFERROR(K52/L52,"") | N52: =[8]A07!$U$121+[8]A32!$V$85 -> 0 | O52: ='1,6 CN'!N52 -> 0 | P52: =N52/O52 -> #DIV/0! | S52: =Q52/R52 -> #DIV/0! | V52: =T52/U52 -> #DIV/0! | Y52: =W52/X52 -> #DIV/0! | AB52: =Z52/AA52 -> #DIV/0! | AE52: =AC52/AD52 -> #DIV/0! | AH52: =AF52/AG52 -> #DIV/0! | AK52: =+AI52/AJ52 -> #DIV/0! | AL52: =B52+E52+H52+K52+N52 -> 0 | AM52: =C52+F52+I52+L52+O52 -> 0 | AN52: =IFERROR(AL52/AM52,"") | AO52: =IF(AN52<12%,"1","0") -> 0 | AS52: <12%
A53: Diabetología | B53: =[4]A07!$U$122+[4]A32!$V$86 -> 0 | C53: ='1,6 CN'!B53 -> 0 | D53: =IFERROR(B53/C53,"") | E53: =[5]A07!$U$122+[5]A32!$V$86 -> 0 | F53: ='1,6 CN'!E53 -> 0 | G53: =IFERROR(E53/F53,"") | H53: =[6]A07!$U$122+[6]A32!$V$86 -> 0 | I53: ='1,6 CN'!H53 -> 0 | J53: =IFERROR(H53/I53,"") | K53: =[7]A07!$U$122+[7]A32!$V$86 -> 0 | L53: ='1,6 CN'!K53 -> 0 | M53: =IFERROR(K53/L53,"") | N53: =[8]A07!$U$122+[8]A32!$V$86 -> 0 | O53: ='1,6 CN'!N53 -> 0 | P53: =N53/O53 -> #DIV/0! | S53: =Q53/R53 -> #DIV/0! | V53: =T53/U53 -> #DIV/0! | Y53: =W53/X53 -> #DIV/0! | AB53: =Z53/AA53 -> #DIV/0! | AE53: =AC53/AD53 -> #DIV/0! | AH53: =AF53/AG53 -> #DIV/0! | AK53: =+AI53/AJ53 -> #DIV/0! | AL53: =B53+E53+H53+K53+N53 -> 0 | AM53: =C53+F53+I53+L53+O53 -> 0 | AN53: =IFERROR(AL53/AM53,"") | AO53: =IF(AN53<12%,"1","0") -> 0 | AS53: <12%
A54: Medicina Nuclear (Excluye Informes) | B54: =[4]A07!$U$123+[4]A32!$V$87 -> 0 | C54: ='1,6 CN'!B54 -> 0 | D54: =IFERROR(B54/C54,"") | E54: =[5]A07!$U$123+[5]A32!$V$87 -> 0 | F54: ='1,6 CN'!E54 -> 0 | G54: =IFERROR(E54/F54,"") | H54: =[6]A07!$U$123+[6]A32!$V$87 -> 0 | I54: ='1,6 CN'!H54 -> 0 | J54: =IFERROR(H54/I54,"") | K54: =[7]A07!$U$123+[7]A32!$V$87 -> 0 | L54: ='1,6 CN'!K54 -> 0 | M54: =IFERROR(K54/L54,"") | N54: =[8]A07!$U$123+[8]A32!$V$87 -> 0 | O54: ='1,6 CN'!N54 -> 0 | P54: =N54/O54 -> #DIV/0! | S54: =Q54/R54 -> #DIV/0! | V54: =T54/U54 -> #DIV/0! | Y54: =W54/X54 -> #DIV/0! | AB54: =Z54/AA54 -> #DIV/0! | AE54: =AC54/AD54 -> #DIV/0! | AH54: =AF54/AG54 -> #DIV/0! | AK54: =+AI54/AJ54 -> #DIV/0! | AL54: =B54+E54+H54+K54+N54 -> 0 | AM54: =C54+F54+I54+L54+O54 -> 0 | AN54: =IFERROR(AL54/AM54,"") | AO54: =IF(AN54<12%,"1","0") -> 0 | AS54: <12%
A55: Imagenología | B55: =[4]A07!$U$124+[4]A32!$V$88 -> 0 | C55: ='1,6 CN'!B55 -> 0 | D55: =IFERROR(B55/C55,"") | E55: =[5]A07!$U$124+[5]A32!$V$88 -> 0 | F55: ='1,6 CN'!E55 -> 0 | G55: =IFERROR(E55/F55,"") | H55: =[6]A07!$U$124+[6]A32!$V$88 -> 0 | I55: ='1,6 CN'!H55 -> 0 | J55: =IFERROR(H55/I55,"") | K55: =[7]A07!$U$124+[7]A32!$V$88 -> 0 | L55: ='1,6 CN'!K55 -> 0 | M55: =IFERROR(K55/L55,"") | N55: =[8]A07!$U$124+[8]A32!$V$88 -> 0 | O55: ='1,6 CN'!N55 -> 0 | P55: =N55/O55 -> #DIV/0! | S55: =Q55/R55 -> #DIV/0! | V55: =T55/U55 -> #DIV/0! | Y55: =W55/X55 -> #DIV/0! | AB55: =Z55/AA55 -> #DIV/0! | AE55: =AC55/AD55 -> #DIV/0! | AH55: =AF55/AG55 -> #DIV/0! | AK55: =+AI55/AJ55 -> #DIV/0! | AL55: =B55+E55+H55+K55+N55 -> 0 | AM55: =C55+F55+I55+L55+O55 -> 0 | AN55: =IFERROR(AL55/AM55,"") | AO55: =IF(AN55<12%,"1","0") -> 0 | AS55: <12%
A56: Radioterapia Oncológica | B56: =[4]A07!$U$125+[4]A32!$V$89 -> 0 | C56: ='1,6 CN'!B56 -> 0 | D56: =IFERROR(B56/C56,"") | E56: =[5]A07!$U$125+[5]A32!$V$89 -> 0 | F56: ='1,6 CN'!E56 -> 0 | G56: =IFERROR(E56/F56,"") | H56: =[6]A07!$U$125+[6]A32!$V$89 -> 0 | I56: ='1,6 CN'!H56 -> 0 | J56: =IFERROR(H56/I56,"") | K56: =[7]A07!$U$125+[7]A32!$V$89 -> 0 | L56: ='1,6 CN'!K56 -> 0 | M56: =IFERROR(K56/L56,"") | N56: =[8]A07!$U$125+[8]A32!$V$89 -> 0 | O56: ='1,6 CN'!N56 -> 0 | P56: =N56/O56 -> #DIV/0! | S56: =Q56/R56 -> #DIV/0! | V56: =T56/U56 -> #DIV/0! | Y56: =W56/X56 -> #DIV/0! | AB56: =Z56/AA56 -> #DIV/0! | AE56: =AC56/AD56 -> #DIV/0! | AH56: =AF56/AG56 -> #DIV/0! | AK56: =+AI56/AJ56 -> #DIV/0! | AL56: =B56+E56+H56+K56+N56 -> 0 | AM56: =C56+F56+I56+L56+O56 -> 0 | AN56: =IFERROR(AL56/AM56,"") | AO56: =IF(AN56<12%,"1","0") -> 0 | AS56: <12%
B57: =SUM(B2:B56) -> 274 | C57: =SUM(C2:C56) -> 1551 | D57: =IFERROR(B57/C57,"") -> 0.17666022 | E57: =SUM(E2:E56) -> 192 | F57: =SUM(F2:F56) -> 1147 | G57: =E57/F57 -> 0.1673932 | H57: =SUM(H2:H56) -> 220 | I57: =SUM(I2:I56) -> 1517 | J57: =H57/I57 -> 0.14502307 | K57: =SUM(K2:K56) -> 140 | L57: =SUM(L2:L56) -> 1382 | M57: =IFERROR(K57/L57,"") -> 0.10130246 | N57: =SUM(N2:N56) -> 92 | O57: =SUM(O2:O56) -> 1170 | P57: =N57/O57 -> 0.078632479 | Q57: =SUM(Q2:Q56) -> 0 | R57: =SUM(R2:R56) -> 0 | S57: =Q57/R57 -> #DIV/0! | T57: =SUM(T2:T56) -> 0 | U57: =SUM(U2:U56) -> 0 | V57: =T57/U57 -> #DIV/0! | W57: =SUM(W2:W56) -> 0 | X57: =SUM(X2:X56) -> 0 | Y57: =W57/X57 -> #DIV/0! | Z57: =SUM(Z2:Z56) -> 0 | AA57: =SUM(AA2:AA56) -> 0 | AB57: =Z57/AA57 -> #DIV/0! | AC57: =SUM(AC2:AC56) -> 0 | AD57: =SUM(AD2:AD56) -> 0 | AE57: =AC57/AD57 -> #DIV/0! | AF57: =SUM(AF2:AF56) -> 0 | AG57: =SUM(AG2:AG56) -> 0 | AH57: =AF57/AG57 -> #DIV/0! | AI57: =SUM(AI2:AI56) -> 0 | AJ57: =SUM(AJ2:AJ56) -> 0 | AK57: =AI57/AJ57 -> #DIV/0! | AL57: =SUM(AL2:AL56) -> 918 | AM57: =SUM(AM2:AM56) -> 6767 | AN57: =IFERROR(AL57/AM57,"") -> 0.13565834 | AO57: =AO2+AO3+AO7+AO8+AO9+AO12+AO17+AO22+AO24+AO28+AO29+AO31+AO32+AO33+AO34+AO35+AO39+AO44+AO45+AO48+AO49+AO50+AO51+AO52 -> 13 | AP57: 24 | AQ57: =AO57/AP57 -> 0.54166667 | AR57: 0.3 | AS57: =AQ57*AR57 -> 0.1625 | AT57: =AS57+'1,8 NSP CONTROL'!AS57 -> 0.57083333
C58: =C57-B57 -> 1277
B59: =[10]A07!$U$71+[10]A07!$V$71+[10]A32!$V$35+[10]A32!$W$35 -> 32

Sheet 1,7 ALTAS
A1: ESPECIALIDAD | B1: NUMERADOR ENERO | C1: DENOMINADOR ENERO | D1: RESULTADO ENERO | E1: NUMERADOR FEBRERO | F1: DENOMINADOR FEBRERO | G1: RESULTADO FEBRERO | H1: NUMERADOR MARZO | I1: DENOMINADOR MARZO | J1: RESULTADO MARZO | K1: NUMERADOR ABRIL | L1: DENOMINADOR ABRIL | M1: RESULTADO ABRIL | N1: NUMERADOR MAYO | O1: DENOMINADOR MAYO | P1: RESULTADO MAYO | Q1: NUMERADOR JUNIO | R1: DENOMINADOR JUNIO | S1: RESULTADO JUNIO | T1: NUMERADOR JULIO | U1: DENOMINADOR JULIO | V1: RESULTADO JULIO | W1: NUMERADOR AGOSTO | X1: DENOMINADOR AGOSTO | Y1: RESULTADO AGOSTO | Z1: NUMERADOR SEPT | AA1: DENOMINADOR SEPT | AB1: RESULTADO SEPT | AC1: NUMERADOR OCT | AD1: DENOMINADOR OCT | AE1: RESULTADO OCT | AF1: NUMERADOR NOV | AG1: DENOMINADOR NOV | AH1: RESULTADO NOV | AI1: NUMERADOR DIC | AJ1: DENOMINADOR DIC | AK1: RESULTADO DIC | AL1: NUMERADOR ANUAL | AM1: DENOMINADOR ANUAL | AN1: RESULTADO ANUAL | AO1: TOTAL AÑO | AP1: TOTAL ESPECIALIDADES | AQ1: CUMPLIMIENTO | AR1: META INDICADOR | AS1: % ALTAS ESPERADO
A2: Pediatría | B2: =[4]A07!S71+[4]A07!T71+[4]A32!X35+[4]A32!Y35 -> 31 | C2: ='1,6 CN'!C2 -> 217 | D2: =IFERROR(B2/C2,"") -> 0.14285714 | E2: =[5]A07!$S$71+[5]A07!$T$71+[5]A32!$X$35+[5]A32!$Y$35 -> 40 | F2: ='1,6 CN'!F2 -> 268 | G2: =IFERROR(E2/F2,"") -> 0.14925373 | H2: =[6]A07!$S$71+[6]A07!$T$71+[6]A32!$X$35+[6]A32!$Y$35 -> 44 | I2: ='1,6 CN'!I2 -> 370 | J2: =IFERROR(H2/I2,"") -> 0.11891892 | K2: =[7]A07!S71+[7]A07!T71+[7]A32!X35+[7]A32!Y35 -> 40 | L2: ='1,6 CN'!L2 -> 342 | M2: =K2/L2 -> 0.11695906 | N2: =[8]A07!V71+[8]A07!W71+[8]A32!AA35+[8]A32!AB35 -> 53 | O2: ='1,6 CN'!O2 -> 298 | P2: =N2/O2 -> 0.17785235 | Q2: =[9]A07!$V$71+[9]A07!$W$71+[9]A32!$AA$35+[9]A32!$AB$35 -> 84 | R2: ='1,6 CN'!R2 -> 149 | S2: =Q2/R2 -> 0.56375839 | T2: =[10]A07!V71+[10]A07!W71+[10]A32!AA35+[10]A32!AB35 -> 42 | U2: ='1,6 CN'!U2 -> 187 | V2: =T2/U2 -> 0.22459893 | W2: =[11]A07!V71+[11]A07!W71+[11]A32!AA35+[11]A32!AB35 -> 17 | X2: ='1,6 CN'!X2 -> 167 | Y2: =W2/X2 -> 0.10179641 | Z2: =[12]A07!V71+[12]A07!W71+[12]A32!AA35+[12]A32!AB35 -> 44 | AA2: ='1,6 CN'!AA2 -> 202 | AB2: =Z2/AA2 -> 0.21782178 | AC2: =[13]A07!V71+[13]A07!W71+[13]A32!AA35+[13]A32!AB35 -> 34 | AD2: ='1,6 CN'!AD2 -> 208 | AE2: =AC2/AD2 -> 0.16346154 | AF2: =[14]A07!V71+[14]A07!W71+[14]A32!AA35+[14]A32!AB35 -> 31 | AG2: ='1,6 CN'!AG2 -> 214 | AH2: =AF2/AG2 -> 0.14485981 | AK2: =+AI2/AJ2 -> #DIV/0! | AL2: =B2+E2+H2+K2+N2+Q2 -> 292 | AM2: =C2+F2+I2+L2+O2+R2 -> 1644 | AN2: =IFERROR(AL2/AM2,"") -> 0.17761557 | AO2: =IF(AN2>14%,"1","0") -> 1 | AS2: >14%
A3: Medicina Interna | B3: =[4]A07!S72+[4]A07!T72+[4]A32!X36+[4]A32!Y36 -> 43 | C3: ='1,6 CN'!C3 -> 610 | D3: =IFERROR(B3/C3,"") -> 0.070491803 | E3: =[5]A07!S72+[5]A07!T72+[5]A32!X36+[5]A32!Y36 -> 32 | F3: ='1,6 CN'!F3 -> 445 | G3: =IFERROR(E3/F3,"") -> 0.071910112 | H3: =[6]A07!S72+[6]A07!T72+[6]A32!X36+[6]A32!Y36 -> 17 | I3: ='1,6 CN'!I3 -> 341 | J3: =IFERROR(H3/I3,"") -> 0.049853372 | K3: =[7]A07!S72+[7]A07!T72+[7]A32!X36+[7]A32!Y36 -> 58 | L3: ='1,6 CN'!L3 -> 602 | M3: =K3/L3 -> 0.096345515 | N3: =[8]A07!V72+[8]A07!W72+[8]A32!AA36+[8]A32!AB36 -> 211 | O3: ='1,6 CN'!O3 -> 459 | P3: =N3/O3 -> 0.45969499 | Q3: =[9]A07!$V$72+[9]A07!$W$72+[9]A32!$AA$36+[9]A32!$AB$36 -> 288 | R3: ='1,6 CN'!R3 -> 493 | S3: =Q3/R3 -> 0.5841785 | T3: =[10]A07!V72+[10]A07!W72+[10]A32!AA36+[10]A32!AB36 -> 181 | U3: ='1,6 CN'!U3 -> 714 | V3: =T3/U3 -> 0.2535014 | W3: =[11]A07!V72+[11]A07!W72+[11]A32!AA36+[11]A32!AB36 -> 162 | X3: ='1,6 CN'!X3 -> 402 | Y3: =W3/X3 -> 0.40298507 | Z3: =[12]A07!V72+[12]A07!W72+[12]A32!AA36+[12]A32!AB36 -> 207 | AA3: ='1,6 CN'!AA3 -> 489 | AB3: =Z3/AA3 -> 0.42331288 | AC3: =[13]A07!V72+[13]A07!W72+[13]A32!AA36+[13]A32!AB36 -> 207 | AD3: ='1,6 CN'!AD3 -> 578 | AE3: =AC3/AD3 -> 0.35813149 | AF3: =[14]A07!V72+[14]A07!W72+[14]A32!AA36+[14]A32!AB36 -> 153 | AG3: ='1,6 CN'!AG3 -> 369 | AH3: =AF3/AG3 -> 0.41463415 | AK3: =+AI3/AJ3 -> #DIV/0! | AL3: =B3+E3+H3+K3+N3+Q3 -> 649 | AM3: =C3+F3+I3+L3+O3+R3 -> 2950 | AN3: =IFERROR(AL3/AM3,"") -> 0.22 | AO3: =IF(AN3>14%,"1","0") -> 1 | AS3: >14%
A4: Neonatología | B4: =[4]A07!S73+[4]A07!T73+[4]A32!X37+[4]A32!Y37 -> 0 | C4: ='1,6 CN'!C4 -> 0 | D4: =IFERROR(B4/C4,"") | E4: =[5]A07!S73+[5]A07!T73+[5]A32!X37+[5]A32!Y37 -> 0 | F4: ='1,6 CN'!F4 -> 0 | G4: =IFERROR(E4/F4,"") | H4: =[6]A07!S73+[6]A07!T73+[6]A32!X37+[6]A32!Y37 -> 0 | I4: ='1,6 CN'!I4 -> 0 | J4: =IFERROR(H4/I4,"") | K4: =[7]A07!S73+[7]A07!T73+[7]A32!X37+[7]A32!Y37 -> 0 | L4: ='1,6 CN'!L4 -> 0 | M4: =K4/L4 -> #DIV/0! | N4: =[8]A07!V73+[8]A07!W73+[8]A32!AA37+[8]A32!AB37 -> 0 | O4: ='1,6 CN'!O4 -> 0 | P4: =N4/O4 -> #DIV/0! | Q4: =[9]A07!V73+[9]A07!W73+[9]A32!AA37+[9]A32!AB37 -> 0 | R4: ='1,6 CN'!R4 -> 0 | S4: =Q4/R4 -> #DIV/0! | T4: =[10]A07!V73+[10]A07!W73+[10]A32!AA37+[10]A32!AB37 -> 0 | U4: ='1,6 CN'!U4 -> 0 | V4: =T4/U4 -> #DIV/0! | W4: =[11]A07!V73+[11]A07!W73+[11]A32!AA37+[11]A32!AB37 -> 0 | X4: ='1,6 CN'!X4 -> 0 | Y4: =W4/X4 -> #DIV/0! | Z4: =[12]A07!V73+[12]A07!W73+[12]A32!AA37+[12]A32!AB37 -> 0 | AA4: ='1,6 CN'!AA4 -> 0 | AB4: =Z4/AA4 -> #DIV/0! | AC4: =[13]A07!V73+[13]A07!W73+[13]A32!AA37+[13]A32!AB37 -> 0 | AD4: ='1,6 CN'!AD4 -> 0 | AE4: =AC4/AD4 -> #DIV/0! | AF4: =[14]A07!V73+[14]A07!W73+[14]A32!AA37+[14]A32!AB37 -> 0 | AG4: ='1,6 CN'!AG4 -> 0 | AH4: =AF4/AG4 -> #DIV/0! | AK4: =+AI4/AJ4 -> #DIV/0! | AL4: =B4+E4+H4+K4+N4+Q4 -> 0 | AM4: =C4+F4+I4+L4+O4+R4 -> 0 | AN4: =IFERROR(AL4/AM4,"")
A5: Enfermedad Respiratoria Pediátrica (Broncopulmonar Infantil) | B5: =[4]A07!S74+[4]A07!T74+[4]A32!X38+[4]A32!Y38 -> 0 | C5: ='1,6 CN'!C5 -> 0 | D5: =IFERROR(B5/C5,"") | E5: =[5]A07!S74+[5]A07!T74+[5]A32!X38+[5]A32!Y38 -> 0 | F5: ='1,6 CN'!F5 -> 0 | G5: =IFERROR(E5/F5,"") | H5: =[6]A07!S74+[6]A07!T74+[6]A32!X38+[6]A32!Y38 -> 0 | I5: ='1,6 CN'!I5 -> 0 | J5: =IFERROR(H5/I5,"") | K5: =[7]A07!S74+[7]A07!T74+[7]A32!X38+[7]A32!Y38 -> 0 | L5: ='1,6 CN'!L5 -> 0 | M5: =K5/L5 -> #DIV/0! | N5: =[8]A07!V74+[8]A07!W74+[8]A32!AA38+[8]A32!AB38 -> 0 | O5: ='1,6 CN'!O5 -> 0 | P5: =N5/O5 -> #DIV/0! | Q5: =[9]A07!V74+[9]A07!W74+[9]A32!AA38+[9]A32!AB38 -> 0 | R5: ='1,6 CN'!R5 -> 0 | S5: =Q5/R5 -> #DIV/0! | T5: =[10]A07!V74+[10]A07!W74+[10]A32!AA38+[10]A32!AB38 -> 0 | U5: ='1,6 CN'!U5 -> 0 | V5: =T5/U5 -> #DIV/0! | W5: =[11]A07!V74+[11]A07!W74+[11]A32!AA38+[11]A32!AB38 -> 0 | X5: ='1,6 CN'!X5 -> 0 | Y5: =W5/X5 -> #DIV/0! | Z5: =[12]A07!V74+[12]A07!W74+[12]A32!AA38+[12]A32!AB38 -> 0 | AA5: ='1,6 CN'!AA5 -> 0 | AB5: =Z5/AA5 -> #DIV/0! | AC5: =[13]A07!V74+[13]A07!W74+[13]A32!AA38+[13]A32!AB38 -> 0 | AD5: ='1,6 CN'!AD5 -> 0 | AE5: =AC5/AD5 -> #DIV/0! | AF5: =[14]A07!V74+[14]A07!W74+[14]A32!AA38+[14]A32!AB38 -> 0 | AG5: ='1,6 CN'!AG5 -> 0 | AH5: =AF5/AG5 -> #DIV/0! | AK5: =+AI5/AJ5 -> #DIV/0! | AL5: =B5+E5+H5+K5+N5+Q5 -> 0 | AM5: =C5+F5+I5+L5+O5+R5 -> 0 | AN5: =IFERROR(AL5/AM5,"")
A6: Enfermedad Respiratoria de Adulto (Broncopulmonar) | B6: =[4]A07!S75+[4]A07!T75+[4]A32!X39+[4]A32!Y39 -> 0 | C6: ='1,6 CN'!C6 -> 0 | D6: =IFERROR(B6/C6,"") | E6: =[5]A07!S75+[5]A07!T75+[5]A32!X39+[5]A32!Y39 -> 0 | F6: ='1,6 CN'!F6 -> 0 | G6: =IFERROR(E6/F6,"") | H6: =[6]A07!S75+[6]A07!T75+[6]A32!X39+[6]A32!Y39 -> 0 | I6: ='1,6 CN'!I6 -> 0 | J6: =IFERROR(H6/I6,"") | K6: =[7]A07!S75+[7]A07!T75+[7]A32!X39+[7]A32!Y39 -> 0 | L6: ='1,6 CN'!L6 -> 0 | M6: =K6/L6 -> #DIV/0! | N6: =[8]A07!V75+[8]A07!W75+[8]A32!AA39+[8]A32!AB39 -> 0 | O6: ='1,6 CN'!O6 -> 0 | P6: =N6/O6 -> #DIV/0! | Q6: =[9]A07!V75+[9]A07!W75+[9]A32!AA39+[9]A32!AB39 -> 0 | R6: ='1,6 CN'!R6 -> 0 | S6: =Q6/R6 -> #DIV/0! | T6: =[10]A07!V75+[10]A07!W75+[10]A32!AA39+[10]A32!AB39 -> 0 | U6: ='1,6 CN'!U6 -> 0 | V6: =T6/U6 -> #DIV/0! | W6: =[11]A07!V75+[11]A07!W75+[11]A32!AA39+[11]A32!AB39 -> 0 | X6: ='1,6 CN'!X6 -> 0 | Y6: =W6/X6 -> #DIV/0! | Z6: =[12]A07!V75+[12]A07!W75+[12]A32!AA39+[12]A32!AB39 -> 0 | AA6: ='1,6 CN'!AA6 -> 0 | AB6: =Z6/AA6 -> #DIV/0! | AC6: =[13]A07!V75+[13]A07!W75+[13]A32!AA39+[13]A32!AB39 -> 0 | AD6: ='1,6 CN'!AD6 -> 0 | AE6: =AC6/AD6 -> #DIV/0! | AF6: =[14]A07!V75+[14]A07!W75+[14]A32!AA39+[14]A32!AB39 -> 0 | AG6: ='1,6 CN'!AG6 -> 0 | AH6: =AF6/AG6 -> #DIV/0! | AK6: =+AI6/AJ6 -> #DIV/0! | AL6: =B6+E6+H6+K6+N6+Q6 -> 0 | AM6: =C6+F6+I6+L6+O6+R6 -> 0 | AN6: =IFERROR(AL6/AM6,"")
A7: Cardiología | B7: =[4]A07!S76+[4]A07!T76+[4]A32!X40+[4]A32!Y40 -> 0 | C7: ='1,6 CN'!C7 -> 42 | D7: =IFERROR(B7/C7,"") -> 0 | E7: =[5]A07!S76+[5]A07!T76+[5]A32!X40+[5]A32!Y40 -> 0 | F7: ='1,6 CN'!F7 -> 27 | G7: =IFERROR(E7/F7,"") -> 0 | H7: =[6]A07!S76+[6]A07!T76+[6]A32!X40+[6]A32!Y40 -> 0 | I7: ='1,6 CN'!I7 -> 56 | J7: =IFERROR(H7/I7,"") -> 0 | K7: =[7]A07!S76+[7]A07!T76+[7]A32!X40+[7]A32!Y40 -> 11 | L7: ='1,6 CN'!L7 -> 68 | M7: =K7/L7 -> 0.16176471 | N7: =[8]A07!V76+[8]A07!W76+[8]A32!AA40+[8]A32!AB40 -> 11 | O7: ='1,6 CN'!O7 -> 39 | P7: =N7/O7 -> 0.28205128 | Q7: =[9]A07!V76+[9]A07!W76+[9]A32!AA40+[9]A32!AB40 -> 5 | R7: ='1,6 CN'!R7 -> 0 | S7: =Q7/R7 -> #DIV/0! | T7: =[10]A07!V76+[10]A07!W76+[10]A32!AA40+[10]A32!AB40 -> 0 | U7: ='1,6 CN'!U7 -> 9 | V7: =T7/U7 -> 0 | W7: =[11]A07!V76+[11]A07!W76+[11]A32!AA40+[11]A32!AB40 -> 1 | X7: ='1,6 CN'!X7 -> 27 | Y7: =W7/X7 -> 0.037037037 | Z7: =[12]A07!V76+[12]A07!W76+[12]A32!AA40+[12]A32!AB40 -> 1 | AA7: ='1,6 CN'!AA7 -> 15 | AB7: =Z7/AA7 -> 0.066666667 | AC7: =[13]A07!V76+[13]A07!W76+[13]A32!AA40+[13]A32!AB40 -> 0 | AD7: ='1,6 CN'!AD7 -> 21 | AE7: =AC7/AD7 -> 0 | AF7: =[14]A07!V76+[14]A07!W76+[14]A32!AA40+[14]A32!AB40 -> 0 | AG7: ='1,6 CN'!AG7 -> 40 | AH7: =AF7/AG7 -> 0 | AK7: =+AI7/AJ7 -> #DIV/0! | AL7: =B7+E7+H7+K7+N7+Q7 -> 27 | AM7: =C7+F7+I7+L7+O7+R7 -> 232 | AN7: =IFERROR(AL7/AM7,"") -> 0.11637931 | AO7: =IF(AN7>10%,"1","0") -> 1 | AS7: >10%
A8: Mastología | B8: =[4]A07!S77+[4]A07!T77+[4]A32!X41+[4]A32!Y41 -> 10 | C8: ='1,6 CN'!C8 -> 204 | D8: =IFERROR(B8/C8,"") -> 0.049019608 | E8: =[5]A07!S77+[5]A07!T77+[5]A32!X41+[5]A32!Y41 -> 11 | F8: ='1,6 CN'!F8 -> 166 | G8: =IFERROR(E8/F8,"") -> 0.06626506 | H8: =[6]A07!S77+[6]A07!T77+[6]A32!X41+[6]A32!Y41 -> 10 | I8: ='1,6 CN'!I8 -> 195 | J8: =IFERROR(H8/I8,"") -> 0.051282051 | K8: =[7]A07!S77+[7]A07!T77+[7]A32!X41+[7]A32!Y41 -> 12 | L8: ='1,6 CN'!L8 -> 214 | M8: =K8/L8 -> 0.056074766 | N8: =[8]A07!V77+[8]A07!W77+[8]A32!AA41+[8]A32!AB41 -> 9 | O8: ='1,6 CN'!O8 -> 219 | P8: =N8/O8 -> 0.04109589 | Q8: =[9]A07!V77+[9]A07!W77+[9]A32!AA41+[9]A32!AB41 -> 6 | R8: ='1,6 CN'!R8 -> 0 | S8: =Q8/R8 -> #DIV/0! | T8: =[10]A07!V77+[10]A07!W77+[10]A32!AA41+[10]A32!AB41 -> 0 | U8: ='1,6 CN'!U8 -> 0 | V8: =T8/U8 -> #DIV/0! | W8: =[11]A07!V77+[11]A07!W77+[11]A32!AA41+[11]A32!AB41 -> 0 | X8: ='1,6 CN'!X8 -> 0 | Y8: =W8/X8 -> #DIV/0! | Z8: =[12]A07!V77+[12]A07!W77+[12]A32!AA41+[12]A32!AB41 -> 1 | AA8: ='1,6 CN'!AA8 -> 30 | AB8: =Z8/AA8 -> 0.033333333 | AC8: =[13]A07!V77+[13]A07!W77+[13]A32!AA41+[13]A32!AB41 -> 3 | AD8: ='1,6 CN'!AD8 -> 41 | AE8: =AC8/AD8 -> 0.073170732 | AF8: =[14]A07!V77+[14]A07!W77+[14]A32!AA41+[14]A32!AB41 -> 0 | AG8: ='1,6 CN'!AG8 -> 7 | AH8: =AF8/AG8 -> 0 | AK8: =+AI8/AJ8 -> #DIV/0! | AL8: =B8+E8+H8+K8+N8+Q8 -> 58 | AM8: =C8+F8+I8+L8+O8+R8 -> 998 | AN8: =IFERROR(AL8/AM8,"") -> 0.058116232 | AO8: =IF(AN8>5%,"1","0") -> 1 | AS8: >5%
A9: Endocrinología Pediátrica | B9: =[4]A07!S78+[4]A07!T78+[4]A32!X42+[4]A32!Y42 -> 5 | C9: ='1,6 CN'!C9 -> 85 | D9: =IFERROR(B9/C9,"") -> 0.058823529 | E9: =[5]A07!S78+[5]A07!T78+[5]A32!X42+[5]A32!Y42 -> 3 | F9: ='1,6 CN'!F9 -> 87 | G9: =IFERROR(E9/F9,"") -> 0.034482759 | H9: =[6]A07!S78+[6]A07!T78+[6]A32!X42+[6]A32!Y42 -> 1 | I9: ='1,6 CN'!I9 -> 80 | J9: =IFERROR(H9/I9,"") -> 0.0125 | K9: =[7]A07!S78+[7]A07!T78+[7]A32!X42+[7]A32!Y42 -> 3 | L9: ='1,6 CN'!L9 -> 77 | M9: =K9/L9 -> 0.038961039 | N9: =[8]A07!V78+[8]A07!W78+[8]A32!AA42+[8]A32!AB42 -> 15 | O9: ='1,6 CN'!O9 -> 74 | P9: =N9/O9 -> 0.2027027 | Q9: =[9]A07!V78+[9]A07!W78+[9]A32!AA42+[9]A32!AB42 -> 22 | R9: ='1,6 CN'!R9 -> 59 | S9: =Q9/R9 -> 0.37288136 | T9: =[10]A07!V78+[10]A07!W78+[10]A32!AA42+[10]A32!AB42 -> 12 | U9: ='1,6 CN'!U9 -> 72 | V9: =T9/U9 -> 0.16666667 | W9: =[11]A07!V78+[11]A07!W78+[11]A32!AA42+[11]A32!AB42 -> 6 | X9: ='1,6 CN'!X9 -> 53 | Y9: =W9/X9 -> 0.11320755 | Z9: =[12]A07!V78+[12]A07!W78+[12]A32!AA42+[12]A32!AB42 -> 8 | AA9: ='1,6 CN'!AA9 -> 90 | AB9: =Z9/AA9 -> 0.088888889 | AC9: =[13]A07!V78+[13]A07!W78+[13]A32!AA42+[13]A32!AB42 -> 11 | AD9: ='1,6 CN'!AD9 -> 55 | AE9: =AC9/AD9 -> 0.2 | AF9: =[14]A07!V78+[14]A07!W78+[14]A32!AA42+[14]A32!AB42 -> 11 | AG9: ='1,6 CN'!AG9 -> 81 | AH9: =AF9/AG9 -> 0.13580247 | AK9: =+AI9/AJ9 -> #DIV/0! | AL9: =B9+E9+H9+K9+N9+Q9 -> 49 | AM9: =C9+F9+I9+L9+O9+R9 -> 462 | AN9: =IFERROR(AL9/AM9,"") -> 0.10606061 | AO9: =IF(AN9>7%,"1","0") -> 1 | AS9: >7%
A10: Endocrinología Adulto | B10: =[4]A07!S79+[4]A07!T79+[4]A32!X43+[4]A32!Y43 -> 0 | C10: ='1,6 CN'!C10 -> 0 | D10: =IFERROR(B10/C10,"") | E10: =[5]A07!S79+[5]A07!T79+[5]A32!X43+[5]A32!Y43 -> 0 | F10: ='1,6 CN'!F10 -> 0 | G10: =IFERROR(E10/F10,"") | H10: =[6]A07!S79+[6]A07!T79+[6]A32!X43+[6]A32!Y43 -> 0 | I10: ='1,6 CN'!I10 -> 0 | J10: =IFERROR(H10/I10,"") | K10: =[7]A07!S79+[7]A07!T79+[7]A32!X43+[7]A32!Y43 -> 0 | L10: ='1,6 CN'!L10 -> 0 | M10: =K10/L10 -> #DIV/0! | N10: =[8]A07!V79+[8]A07!W79+[8]A32!AA43+[8]A32!AB43 -> 0 | O10: ='1,6 CN'!O10 -> 0 | P10: =N10/O10 -> #DIV/0! | Q10: =[9]A07!V79+[9]A07!W79+[9]A32!AA43+[9]A32!AB43 -> 0 | R10: ='1,6 CN'!R10 -> 0 | S10: =Q10/R10 -> #DIV/0! | T10: =[10]A07!V79+[10]A07!W79+[10]A32!AA43+[10]A32!AB43 -> 0 | U10: ='1,6 CN'!U10 -> 0 | V10: =T10/U10 -> #DIV/0! | W10: =[11]A07!V79+[11]A07!W79+[11]A32!AA43+[11]A32!AB43 -> 0 | X10: ='1,6 CN'!X10 -> 0 | Y10: =W10/X10 -> #DIV/0! | Z10: =[12]A07!V79+[12]A07!W79+[12]A32!AA43+[12]A32!AB43 -> 0 | AA10: ='1,6 CN'!AA10 -> 0 | AB10: =Z10/AA10 -> #DIV/0! | AC10: =[13]A07!V79+[13]A07!W79+[13]A32!AA43+[13]A32!AB43 -> 0 | AD10: ='1,6 CN'!AD10 -> 0 | AE10: =AC10/AD10 -> #DIV/0! | AF10: =[14]A07!V79+[14]A07!W79+[14]A32!AA43+[14]A32!AB43 -> 0 | AG10: ='1,6 CN'!AG10 -> 0 | AH10: =AF10/AG10 -> #DIV/0! | AK10: =+AI10/AJ10 -> #DIV/0! | AL10: =B10+E10+H10+K10+N10+Q10 -> 0 | AM10: =C10+F10+I10+L10+O10+R10 -> 0 | AN10: =IFERROR(AL10/AM10,"")
A11: Gastroenterología Pediátrica | B11: =[4]A07!S80+[4]A07!T80+[4]A32!X44+[4]A32!Y44 -> 0 | C11: ='1,6 CN'!C11 -> 0 | D11: =IFERROR(B11/C11,"") | E11: =[5]A07!S80+[5]A07!T80+[5]A32!X44+[5]A32!Y44 -> 0 | F11: ='1,6 CN'!F11 -> 0 | G11: =IFERROR(E11/F11,"") | H11: =[6]A07!S80+[6]A07!T80+[6]A32!X44+[6]A32!Y44 -> 0 | I11: ='1,6 CN'!I11 -> 0 | J11: =IFERROR(H11/I11,"") | K11: =[7]A07!S80+[7]A07!T80+[7]A32!X44+[7]A32!Y44 -> 0 | L11: ='1,6 CN'!L11 -> 0 | M11: =K11/L11 -> #DIV/0! | N11: =[8]A07!V80+[8]A07!W80+[8]A32!AA44+[8]A32!AB44 -> 0 | O11: ='1,6 CN'!O11 -> 0 | P11: =N11/O11 -> #DIV/0! | Q11: =[9]A07!V80+[9]A07!W80+[9]A32!AA44+[9]A32!AB44 -> 0 | R11: ='1,6 CN'!R11 -> 0 | S11: =Q11/R11 -> #DIV/0! | T11: =[10]A07!V80+[10]A07!W80+[10]A32!AA44+[10]A32!AB44 -> 0 | U11: ='1,6 CN'!U11 -> 0 | V11: =T11/U11 -> #DIV/0! | W11: =[11]A07!V80+[11]A07!W80+[11]A32!AA44+[11]A32!AB44 -> 0 | X11: ='1,6 CN'!X11 -> 0 | Y11: =W11/X11 -> #DIV/0! | Z11: =[12]A07!V80+[12]A07!W80+[12]A32!AA44+[12]A32!AB44 -> 0 | AA11: ='1,6 CN'!AA11 -> 0 | AB11: =Z11/AA11 -> #DIV/0! | AC11: =[13]A07!V80+[13]A07!W80+[13]A32!AA44+[13]A32!AB44 -> 0 | AD11: ='1,6 CN'!AD11 -> 0 | AE11: =AC11/AD11 -> #DIV/0! | AF11: =[14]A07!V80+[14]A07!W80+[14]A32!AA44+[14]A32!AB44 -> 0 | AG11: ='1,6 CN'!AG11 -> 0 | AH11: =AF11/AG11 -> #DIV/0! | AK11: =+AI11/AJ11 -> #DIV/0! | AL11: =B11+E11+H11+K11+N11+Q11 -> 0 | AM11: =C11+F11+I11+L11+O11+R11 -> 0 | AN11: =IFERROR(AL11/AM11,"")
A12: Gastroenterología Adulto | B12: =[4]A07!S81+[4]A07!T81+[4]A32!X45+[4]A32!Y45 -> 0 | C12: ='1,6 CN'!C12 -> 8 | D12: =IFERROR(B12/C12,"") -> 0 | E12: =[5]A07!S81+[5]A07!T81+[5]A32!X45+[5]A32!Y45 -> 0 | F12: ='1,6 CN'!F12 -> 0 | G12: =IFERROR(E12/F12,"") | H12: =[6]A07!S81+[6]A07!T81+[6]A32!X45+[6]A32!Y45 -> 3 | I12: ='1,6 CN'!I12 -> 44 | J12: =IFERROR(H12/I12,"") -> 0.068181818 | K12: =[7]A07!S81+[7]A07!T81+[7]A32!X45+[7]A32!Y45 -> 4 | L12: ='1,6 CN'!L12 -> 40 | M12: =K12/L12 -> 0.1 | N12: =[8]A07!V81+[8]A07!W81+[8]A32!AA45+[8]A32!AB45 -> 1 | O12: ='1,6 CN'!O12 -> 23 | P12: =N12/O12 -> 0.043478261 | Q12: =[9]A07!V81+[9]A07!W81+[9]A32!AA45+[9]A32!AB45 -> 0 | R12: ='1,6 CN'!R12 -> 17 | S12: =Q12/R12 -> 0 | T12: =[10]A07!V81+[10]A07!W81+[10]A32!AA45+[10]A32!AB45 -> 42 | U12: ='1,6 CN'!U12 -> 23 | V12: =T12/U12 -> 1.826087 | W12: =[11]A07!V81+[11]A07!W81+[11]A32!AA45+[11]A32!AB45 -> 20 | X12: ='1,6 CN'!X12 -> 56 | Y12: =W12/X12 -> 0.35714286 | Z12: =[12]A07!V81+[12]A07!W81+[12]A32!AA45+[12]A32!AB45 -> 10 | AA12: ='1,6 CN'!AA12 -> 50 | AB12: =Z12/AA12 -> 0.2 | AC12: =[13]A07!V81+[13]A07!W81+[13]A32!AA45+[13]A32!AB45 -> 8 | AD12: ='1,6 CN'!AD12 -> 44 | AE12: =AC12/AD12 -> 0.18181818 | AF12: =[14]A07!V81+[14]A07!W81+[14]A32!AA45+[14]A32!AB45 -> 27 | AG12: ='1,6 CN'!AG12 -> 49 | AH12: =AF12/AG12 -> 0.55102041 | AK12: =+AI12/AJ12 -> #DIV/0! | AL12: =B12+E12+H12+K12+N12+Q12 -> 8 | AM12: =C12+F12+I12+L12+O12+R12 -> 132 | AN12: =IFERROR(AL12/AM12,"") -> 0.060606061 | AO12: =IF(AN12>10%,"1","0") -> 0 | AS12: >10%
A13: Genética Clínica | B13: =[4]A07!S82+[4]A07!T82+[4]A32!X46+[4]A32!Y46 -> 0 | C13: ='1,6 CN'!C13 -> 0 | D13: =IFERROR(B13/C13,"") | E13: =[5]A07!S82+[5]A07!T82+[5]A32!X46+[5]A32!Y46 -> 0 | F13: ='1,6 CN'!F13 -> 0 | G13: =IFERROR(E13/F13,"") | H13: =[6]A07!S82+[6]A07!T82+[6]A32!X46+[6]A32!Y46 -> 0 | I13: ='1,6 CN'!I13 -> 0 | J13: =IFERROR(H13/I13,"") | K13: =[7]A07!S82+[7]A07!T82+[7]A32!X46+[7]A32!Y46 -> 0 | L13: ='1,6 CN'!L13 -> 0 | M13: =K13/L13 -> #DIV/0! | N13: =[8]A07!V82+[8]A07!W82+[8]A32!AA46+[8]A32!AB46 -> 0 | O13: ='1,6 CN'!O13 -> 0 | P13: =N13/O13 -> #DIV/0! | Q13: =[9]A07!V82+[9]A07!W82+[9]A32!AA46+[9]A32!AB46 -> 0 | R13: ='1,6 CN'!R13 -> 0 | S13: =Q13/R13 -> #DIV/0! | T13: =[10]A07!V82+[10]A07!W82+[10]A32!AA46+[10]A32!AB46 -> 0 | U13: ='1,6 CN'!U13 -> 0 | V13: =T13/U13 -> #DIV/0! | W13: =[11]A07!V82+[11]A07!W82+[11]A32!AA46+[11]A32!AB46 -> 0 | X13: ='1,6 CN'!X13 -> 0 | Y13: =W13/X13 -> #DIV/0! | Z13: =[12]A07!V82+[12]A07!W82+[12]A32!AA46+[12]A32!AB46 -> 0 | AA13: ='1,6 CN'!AA13 -> 0 | AB13: =Z13/AA13 -> #DIV/0! | AC13: =[13]A07!V82+[13]A07!W82+[13]A32!AA46+[13]A32!AB46 -> 0 | AD13: ='1,6 CN'!AD13 -> 0 | AE13: =AC13/AD13 -> #DIV/0! | AF13: =[14]A07!V82+[14]A07!W82+[14]A32!AA46+[14]A32!AB46 -> 0 | AG13: ='1,6 CN'!AG13 -> 0 | AH13: =AF13/AG13 -> #DIV/0! | AK13: =+AI13/AJ13 -> #DIV/0! | AL13: =B13+E13+H13+K13+N13+Q13 -> 0 | AM13: =C13+F13+I13+L13+O13+R13 -> 0 | AN13: =IFERROR(AL13/AM13,"")
A14: Hematología | B14: =[4]A07!S83+[4]A07!T83+[4]A32!X47+[4]A32!Y47 -> 0 | C14: ='1,6 CN'!C14 -> 0 | D14: =IFERROR(B14/C14,"") | E14: =[5]A07!S83+[5]A07!T83+[5]A32!X47+[5]A32!Y47 -> 0 | F14: ='1,6 CN'!F14 -> 0 | G14: =IFERROR(E14/F14,"") | H14: =[6]A07!S83+[6]A07!T83+[6]A32!X47+[6]A32!Y47 -> 0 | I14: ='1,6 CN'!I14 -> 0 | J14: =IFERROR(H14/I14,"") | K14: =[7]A07!S83+[7]A07!T83+[7]A32!X47+[7]A32!Y47 -> 0 | L14: ='1,6 CN'!L14 -> 0 | M14: =K14/L14 -> #DIV/0! | N14: =[8]A07!V83+[8]A07!W83+[8]A32!AA47+[8]A32!AB47 -> 0 | O14: ='1,6 CN'!O14 -> 0 | P14: =N14/O14 -> #DIV/0! | Q14: =[9]A07!V83+[9]A07!W83+[9]A32!AA47+[9]A32!AB47 -> 0 | R14: ='1,6 CN'!R14 -> 0 | S14: =Q14/R14 -> #DIV/0! | T14: =[10]A07!V83+[10]A07!W83+[10]A32!AA47+[10]A32!AB47 -> 0 | U14: ='1,6 CN'!U14 -> 0 | V14: =T14/U14 -> #DIV/0! | W14: =[11]A07!V83+[11]A07!W83+[11]A32!AA47+[11]A32!AB47 -> 0 | X14: ='1,6 CN'!X14 -> 0 | Y14: =W14/X14 -> #DIV/0! | Z14: =[12]A07!V83+[12]A07!W83+[12]A32!AA47+[12]A32!AB47 -> 0 | AA14: ='1,6 CN'!AA14 -> 0 | AB14: =Z14/AA14 -> #DIV/0! | AC14: =[13]A07!V83+[13]A07!W83+[13]A32!AA47+[13]A32!AB47 -> 0 | AD14: ='1,6 CN'!AD14 -> 0 | AE14: =AC14/AD14 -> #DIV/0! | AF14: =[14]A07!V83+[14]A07!W83+[14]A32!AA47+[14]A32!AB47 -> 0 | AG14: ='1,6 CN'!AG14 -> 0 | AH14: =AF14/AG14 -> #DIV/0! | AK14: =+AI14/AJ14 -> #DIV/0! | AL14: =B14+E14+H14+K14+N14+Q14 -> 0 | AM14: =C14+F14+I14+L14+O14+R14 -> 0 | AN14: =IFERROR(AL14/AM14,"")
A15: Medicina del adolescente | B15: =[4]A07!S84+[4]A07!T84+[4]A32!X48+[4]A32!Y48 -> 0 | C15: ='1,6 CN'!C15 -> 0 | D15: =IFERROR(B15/C15,"") | E15: =[5]A07!S84+[5]A07!T84+[5]A32!X48+[5]A32!Y48 -> 0 | F15: ='1,6 CN'!F15 -> 0 | G15: =IFERROR(E15/F15,"") | H15: =[6]A07!S84+[6]A07!T84+[6]A32!X48+[6]A32!Y48 -> 0 | I15: ='1,6 CN'!I15 -> 0 | J15: =IFERROR(H15/I15,"") | K15: =[7]A07!S84+[7]A07!T84+[7]A32!X48+[7]A32!Y48 -> 0 | L15: ='1,6 CN'!L15 -> 0 | M15: =K15/L15 -> #DIV/0! | N15: =[8]A07!V84+[8]A07!W84+[8]A32!AA48+[8]A32!AB48 -> 0 | O15: ='1,6 CN'!O15 -> 0 | P15: =N15/O15 -> #DIV/0! | Q15: =[9]A07!V84+[9]A07!W84+[9]A32!AA48+[9]A32!AB48 -> 0 | R15: ='1,6 CN'!R15 -> 0 | S15: =Q15/R15 -> #DIV/0! | T15: =[10]A07!V84+[10]A07!W84+[10]A32!AA48+[10]A32!AB48 -> 0 | U15: ='1,6 CN'!U15 -> 0 | V15: =T15/U15 -> #DIV/0! | W15: =[11]A07!V84+[11]A07!W84+[11]A32!AA48+[11]A32!AB48 -> 0 | X15: ='1,6 CN'!X15 -> 0 | Y15: =W15/X15 -> #DIV/0! | Z15: =[12]A07!V84+[12]A07!W84+[12]A32!AA48+[12]A32!AB48 -> 0 | AA15: ='1,6 CN'!AA15 -> 0 | AB15: =Z15/AA15 -> #DIV/0! | AC15: =[13]A07!V84+[13]A07!W84+[13]A32!AA48+[13]A32!AB48 -> 0 | AD15: ='1,6 CN'!AD15 -> 0 | AE15: =AC15/AD15 -> #DIV/0! | AF15: =[14]A07!V84+[14]A07!W84+[14]A32!AA48+[14]A32!AB48 -> 0 | AG15: ='1,6 CN'!AG15 -> 0 | AH15: =AF15/AG15 -> #DIV/0! | AK15: =+AI15/AJ15 -> #DIV/0! | AL15: =B15+E15+H15+K15+N15+Q15 -> 0 | AM15: =C15+F15+I15+L15+O15+R15 -> 0 | AN15: =IFERROR(AL15/AM15,"")
A16: Nefrología Pediátrica | B16: =[4]A07!S85+[4]A07!T85+[4]A32!X49+[4]A32!Y49 -> 0 | C16: ='1,6 CN'!C16 -> 0 | D16: =IFERROR(B16/C16,"") | E16: =[5]A07!S85+[5]A07!T85+[5]A32!X49+[5]A32!Y49 -> 0 | F16: ='1,6 CN'!F16 -> 0 | G16: =IFERROR(E16/F16,"") | H16: =[6]A07!S85+[6]A07!T85+[6]A32!X49+[6]A32!Y49 -> 0 | I16: ='1,6 CN'!I16 -> 0 | J16: =IFERROR(H16/I16,"") | K16: =[7]A07!S85+[7]A07!T85+[7]A32!X49+[7]A32!Y49 -> 0 | L16: ='1,6 CN'!L16 -> 0 | M16: =K16/L16 -> #DIV/0! | N16: =[8]A07!V85+[8]A07!W85+[8]A32!AA49+[8]A32!AB49 -> 0 | O16: ='1,6 CN'!O16 -> 0 | P16: =N16/O16 -> #DIV/0! | Q16: =[9]A07!V85+[9]A07!W85+[9]A32!AA49+[9]A32!AB49 -> 0 | R16: ='1,6 CN'!R16 -> 0 | S16: =Q16/R16 -> #DIV/0! | T16: =[10]A07!V85+[10]A07!W85+[10]A32!AA49+[10]A32!AB49 -> 0 | U16: ='1,6 CN'!U16 -> 0 | V16: =T16/U16 -> #DIV/0! | W16: =[11]A07!V85+[11]A07!W85+[11]A32!AA49+[11]A32!AB49 -> 0 | X16: ='1,6 CN'!X16 -> 0 | Y16: =W16/X16 -> #DIV/0! | Z16: =[12]A07!V85+[12]A07!W85+[12]A32!AA49+[12]A32!AB49 -> 0 | AA16: ='1,6 CN'!AA16 -> 0 | AB16: =Z16/AA16 -> #DIV/0! | AC16: =[13]A07!V85+[13]A07!W85+[13]A32!AA49+[13]A32!AB49 -> 0 | AD16: ='1,6 CN'!AD16 -> 0 | AE16: =AC16/AD16 -> #DIV/0! | AF16: =[14]A07!V85+[14]A07!W85+[14]A32!AA49+[14]A32!AB49 -> 0 | AG16: ='1,6 CN'!AG16 -> 0 | AH16: =AF16/AG16 -> #DIV/0! | AK16: =+AI16/AJ16 -> #DIV/0! | AL16: =B16+E16+H16+K16+N16+Q16 -> 0 | AM16: =C16+F16+I16+L16+O16+R16 -> 0 | AN16: =IFERROR(AL16/AM16,"")
A17: Nefrología Adulto | B17: =[4]A07!S86+[4]A07!T86+[4]A32!X50+[4]A32!Y50 -> 0 | C17: ='1,6 CN'!C17 -> 7 | D17: =IFERROR(B17/C17,"") -> 0 | E17: =[5]A07!S86+[5]A07!T86+[5]A32!X50+[5]A32!Y50 -> 0 | F17: ='1,6 CN'!F17 -> 0 | G17: =IFERROR(E17/F17,"") | H17: =[6]A07!S86+[6]A07!T86+[6]A32!X50+[6]A32!Y50 -> 12 | I17: ='1,6 CN'!I17 -> 13 | J17: =IFERROR(H17/I17,"") -> 0.92307692 | K17: =[7]A07!S86+[7]A07!T86+[7]A32!X50+[7]A32!Y50 -> 1 | L17: ='1,6 CN'!L17 -> 21 | M17: =K17/L17 -> 0.047619048 | N17: =[8]A07!V86+[8]A07!W86+[8]A32!AA50+[8]A32!AB50 -> 0 | O17: ='1,6 CN'!O17 -> 0 | P17: =N17/O17 -> #DIV/0! | Q17: =[9]A07!V86+[9]A07!W86+[9]A32!AA50+[9]A32!AB50 -> 0 | R17: ='1,6 CN'!R17 -> 0 | S17: =Q17/R17 -> #DIV/0! | T17: =[10]A07!V86+[10]A07!W86+[10]A32!AA50+[10]A32!AB50 -> 0 | U17: ='1,6 CN'!U17 -> 0 | V17: =T17/U17 -> #DIV/0! | W17: =[11]A07!V86+[11]A07!W86+[11]A32!AA50+[11]A32!AB50 -> 0 | X17: ='1,6 CN'!X17 -> 0 | Y17: =W17/X17 -> #DIV/0! | Z17: =[12]A07!V86+[12]A07!W86+[12]A32!AA50+[12]A32!AB50 -> 2 | AA17: ='1,6 CN'!AA17 -> 7 | AB17: =Z17/AA17 -> 0.28571429 | AC17: =[13]A07!V86+[13]A07!W86+[13]A32!AA50+[13]A32!AB50 -> 1 | AD17: ='1,6 CN'!AD17 -> 17 | AE17: =AC17/AD17 -> 0.058823529 | AF17: =[14]A07!V86+[14]A07!W86+[14]A32!AA50+[14]A32!AB50 -> 1 | AG17: ='1,6 CN'!AG17 -> 56 | AH17: =AF17/AG17 -> 0.017857143 | AK17: =+AI17/AJ17 -> #DIV/0! | AL17: =B17+E17+H17+K17+N17+Q17 -> 13 | AM17: =C17+F17+I17+L17+O17+R17 -> 41 | AN17: =IFERROR(AL17/AM17,"") -> 0.31707317 | AO17: =IF(AN17>5%,"1","0") -> 1 | AS17: >5%
A18: Nutrición clínica | B18: =[4]A07!S87+[4]A07!T87+[4]A32!X51+[4]A32!Y51 -> 0 | C18: ='1,6 CN'!C18 -> 0 | D18: =IFERROR(B18/C18,"") | E18: =[5]A07!S87+[5]A07!T87+[5]A32!X51+[5]A32!Y51 -> 0 | F18: ='1,6 CN'!F18 -> 0 | G18: =IFERROR(E18/F18,"") | H18: =[6]A07!S87+[6]A07!T87+[6]A32!X51+[6]A32!Y51 -> 0 | I18: ='1,6 CN'!I18 -> 0 | J18: =IFERROR(H18/I18,"") | K18: =[7]A07!S87+[7]A07!T87+[7]A32!X51+[7]A32!Y51 -> 0 | L18: ='1,6 CN'!L18 -> 0 | M18: =K18/L18 -> #DIV/0! | N18: =[8]A07!V87+[8]A07!W87+[8]A32!AA51+[8]A32!AB51 -> 0 | O18: ='1,6 CN'!O18 -> 0 | P18: =N18/O18 -> #DIV/0! | Q18: =[9]A07!V87+[9]A07!W87+[9]A32!AA51+[9]A32!AB51 -> 0 | R18: ='1,6 CN'!R18 -> 0 | S18: =Q18/R18 -> #DIV/0! | T18: =[10]A07!V87+[10]A07!W87+[10]A32!AA51+[10]A32!AB51 -> 0 | U18: ='1,6 CN'!U18 -> 0 | V18: =T18/U18 -> #DIV/0! | W18: =[11]A07!V87+[11]A07!W87+[11]A32!AA51+[11]A32!AB51 -> 0 | X18: ='1,6 CN'!X18 -> 0 | Y18: =W18/X18 -> #DIV/0! | Z18: =[12]A07!V87+[12]A07!W87+[12]A32!AA51+[12]A32!AB51 -> 0 | AA18: ='1,6 CN'!AA18 -> 0 | AB18: =Z18/AA18 -> #DIV/0! | AC18: =[13]A07!V87+[13]A07!W87+[13]A32!AA51+[13]A32!AB51 -> 0 | AD18: ='1,6 CN'!AD18 -> 0 | AE18: =AC18/AD18 -> #DIV/0! | AF18: =[14]A07!V87+[14]A07!W87+[14]A32!AA51+[14]A32!AB51 -> 0 | AG18: ='1,6 CN'!AG18 -> 0 | AH18: =AF18/AG18 -> #DIV/0! | AK18: =+AI18/AJ18 -> #DIV/0! | AL18: =B18+E18+H18+K18+N18+Q18 -> 0 | AM18: =C18+F18+I18+L18+O18+R18 -> 0 | AN18: =IFERROR(AL18/AM18,"")
A19: Medicina Materno Infantil | B19: =[4]A07!S88+[4]A07!T88+[4]A32!X52+[4]A32!Y52 -> 0 | C19: ='1,6 CN'!C19 -> 0 | D19: =IFERROR(B19/C19,"") | E19: =[5]A07!S88+[5]A07!T88+[5]A32!X52+[5]A32!Y52 -> 0 | F19: ='1,6 CN'!F19 -> 0 | G19: =IFERROR(E19/F19,"") | H19: =[6]A07!S88+[6]A07!T88+[6]A32!X52+[6]A32!Y52 -> 0 | I19: ='1,6 CN'!I19 -> 0 | J19: =IFERROR(H19/I19,"") | K19: =[7]A07!S88+[7]A07!T88+[7]A32!X52+[7]A32!Y52 -> 0 | L19: ='1,6 CN'!L19 -> 0 | M19: =K19/L19 -> #DIV/0! | N19: =[8]A07!V88+[8]A07!W88+[8]A32!AA52+[8]A32!AB52 -> 0 | O19: ='1,6 CN'!O19 -> 0 | P19: =N19/O19 -> #DIV/0! | Q19: =[9]A07!V88+[9]A07!W88+[9]A32!AA52+[9]A32!AB52 -> 0 | R19: ='1,6 CN'!R19 -> 0 | S19: =Q19/R19 -> #DIV/0! | T19: =[10]A07!V88+[10]A07!W88+[10]A32!AA52+[10]A32!AB52 -> 0 | U19: ='1,6 CN'!U19 -> 0 | V19: =T19/U19 -> #DIV/0! | W19: =[11]A07!V88+[11]A07!W88+[11]A32!AA52+[11]A32!AB52 -> 0 | X19: ='1,6 CN'!X19 -> 0 | Y19: =W19/X19 -> #DIV/0! | Z19: =[12]A07!V88+[12]A07!W88+[12]A32!AA52+[12]A32!AB52 -> 0 | AA19: ='1,6 CN'!AA19 -> 0 | AB19: =Z19/AA19 -> #DIV/0! | AC19: =[13]A07!V88+[13]A07!W88+[13]A32!AA52+[13]A32!AB52 -> 0 | AD19: ='1,6 CN'!AD19 -> 0 | AE19: =AC19/AD19 -> #DIV/0! | AF19: =[14]A07!V88+[14]A07!W88+[14]A32!AA52+[14]A32!AB52 -> 0 | AG19: ='1,6 CN'!AG19 -> 0 | AH19: =AF19/AG19 -> #DIV/0! | AK19: =+AI19/AJ19 -> #DIV/0! | AL19: =B19+E19+H19+K19+N19+Q19 -> 0 | AM19: =C19+F19+I19+L19+O19+R19 -> 0 | AN19: =IFERROR(AL19/AM19,"")
A20: Reumatología | B20: =[4]A07!S89+[4]A07!T89+[4]A32!X53+[4]A32!Y53 -> 0 | C20: ='1,6 CN'!C20 -> 0 | D20: =IFERROR(B20/C20,"") | E20: =[5]A07!S89+[5]A07!T89+[5]A32!X53+[5]A32!Y53 -> 0 | F20: ='1,6 CN'!F20 -> 0 | G20: =IFERROR(E20/F20,"") | H20: =[6]A07!S89+[6]A07!T89+[6]A32!X53+[6]A32!Y53 -> 0 | I20: ='1,6 CN'!I20 -> 0 | J20: =IFERROR(H20/I20,"") | K20: =[7]A07!S89+[7]A07!T89+[7]A32!X53+[7]A32!Y53 -> 0 | L20: ='1,6 CN'!L20 -> 0 | M20: =K20/L20 -> #DIV/0! | N20: =[8]A07!V89+[8]A07!W89+[8]A32!AA53+[8]A32!AB53 -> 0 | O20: ='1,6 CN'!O20 -> 0 | P20: =N20/O20 -> #DIV/0! | Q20: =[9]A07!V89+[9]A07!W89+[9]A32!AA53+[9]A32!AB53 -> 0 | R20: ='1,6 CN'!R20 -> 0 | S20: =Q20/R20 -> #DIV/0! | T20: =[10]A07!V89+[10]A07!W89+[10]A32!AA53+[10]A32!AB53 -> 0 | U20: ='1,6 CN'!U20 -> 0 | V20: =T20/U20 -> #DIV/0! | W20: =[11]A07!V89+[11]A07!W89+[11]A32!AA53+[11]A32!AB53 -> 0 | X20: ='1,6 CN'!X20 -> 0 | Y20: =W20/X20 -> #DIV/0! | Z20: =[12]A07!V89+[12]A07!W89+[12]A32!AA53+[12]A32!AB53 -> 0 | AA20: ='1,6 CN'!AA20 -> 0 | AB20: =Z20/AA20 -> #DIV/0! | AC20: =[13]A07!V89+[13]A07!W89+[13]A32!AA53+[13]A32!AB53 -> 0 | AD20: ='1,6 CN'!AD20 -> 0 | AE20: =AC20/AD20 -> #DIV/0! | AF20: =[14]A07!V89+[14]A07!W89+[14]A32!AA53+[14]A32!AB53 -> 0 | AG20: ='1,6 CN'!AG20 -> 0 | AH20: =AF20/AG20 -> #DIV/0! | AK20: =+AI20/AJ20 -> #DIV/0! | AL20: =B20+E20+H20+K20+N20+Q20 -> 0 | AM20: =C20+F20+I20+L20+O20+R20 -> 0 | AN20: =IFERROR(AL20/AM20,"")
A21: Medicina Paliativa y de Manejo del Dolor | B21: =[4]A07!S90+[4]A07!T90+[4]A32!X54+[4]A32!Y54 -> 0 | C21: ='1,6 CN'!C21 -> 0 | D21: =IFERROR(B21/C21,"") | E21: =[5]A07!S90+[5]A07!T90+[5]A32!X54+[5]A32!Y54 -> 0 | F21: ='1,6 CN'!F21 -> 0 | G21: =IFERROR(E21/F21,"") | H21: =[6]A07!S90+[6]A07!T90+[6]A32!X54+[6]A32!Y54 -> 0 | I21: ='1,6 CN'!I21 -> 0 | J21: =IFERROR(H21/I21,"") | K21: =[7]A07!S90+[7]A07!T90+[7]A32!X54+[7]A32!Y54 -> 0 | L21: ='1,6 CN'!L21 -> 0 | M21: =K21/L21 -> #DIV/0! | N21: =[8]A07!V90+[8]A07!W90+[8]A32!AA54+[8]A32!AB54 -> 0 | O21: ='1,6 CN'!O21 -> 0 | P21: =N21/O21 -> #DIV/0! | Q21: =[9]A07!V90+[9]A07!W90+[9]A32!AA54+[9]A32!AB54 -> 0 | R21: ='1,6 CN'!R21 -> 0 | S21: =Q21/R21 -> #DIV/0! | T21: =[10]A07!V90+[10]A07!W90+[10]A32!AA54+[10]A32!AB54 -> 0 | U21: ='1,6 CN'!U21 -> 0 | V21: =T21/U21 -> #DIV/0! | W21: =[11]A07!V90+[11]A07!W90+[11]A32!AA54+[11]A32!AB54 -> 0 | X21: ='1,6 CN'!X21 -> 0 | Y21: =W21/X21 -> #DIV/0! | Z21: =[12]A07!V90+[12]A07!W90+[12]A32!AA54+[12]A32!AB54 -> 0 | AA21: ='1,6 CN'!AA21 -> 0 | AB21: =Z21/AA21 -> #DIV/0! | AC21: =[13]A07!V90+[13]A07!W90+[13]A32!AA54+[13]A32!AB54 -> 0 | AD21: ='1,6 CN'!AD21 -> 0 | AE21: =AC21/AD21 -> #DIV/0! | AF21: =[14]A07!V90+[14]A07!W90+[14]A32!AA54+[14]A32!AB54 -> 0 | AG21: ='1,6 CN'!AG21 -> 0 | AH21: =AF21/AG21 -> #DIV/0! | AK21: =+AI21/AJ21 -> #DIV/0! | AL21: =B21+E21+H21+K21+N21+Q21 -> 0 | AM21: =C21+F21+I21+L21+O21+R21 -> 0 | AN21: =IFERROR(AL21/AM21,"")
A22: Dermatología | B22: =[4]A07!S91+[4]A07!T91+[4]A32!X55+[4]A32!Y55 -> 7 | C22: ='1,6 CN'!C22 -> 62 | D22: =IFERROR(B22/C22,"") -> 0.11290323 | E22: =[5]A07!S91+[5]A07!T91+[5]A32!X55+[5]A32!Y55 -> 26 | F22: ='1,6 CN'!F22 -> 90 | G22: =IFERROR(E22/F22,"") -> 0.28888889 | H22: =[6]A07!S91+[6]A07!T91+[6]A32!X55+[6]A32!Y55 -> 26 | I22: ='1,6 CN'!I22 -> 106 | J22: =IFERROR(H22/I22,"") -> 0.24528302 | K22: =[7]A07!S91+[7]A07!T91+[7]A32!X55+[7]A32!Y55 -> 37 | L22: ='1,6 CN'!L22 -> 116 | M22: =K22/L22 -> 0.31896552 | N22: =[8]A07!V91+[8]A07!W91+[8]A32!AA55+[8]A32!AB55 -> 19 | O22: ='1,6 CN'!O22 -> 97 | P22: =N22/O22 -> 0.19587629 | Q22: =[9]A07!V91+[9]A07!W91+[9]A32!AA55+[9]A32!AB55 -> 0 | R22: ='1,6 CN'!R22 -> 155 | S22: =Q22/R22 -> 0 | T22: =[10]A07!V91+[10]A07!W91+[10]A32!AA55+[10]A32!AB55 -> 15 | U22: ='1,6 CN'!U22 -> 111 | V22: =T22/U22 -> 0.13513514 | W22: =[11]A07!V91+[11]A07!W91+[11]A32!AA55+[11]A32!AB55 -> 3 | X22: ='1,6 CN'!X22 -> 67 | Y22: =W22/X22 -> 0.044776119 | Z22: =[12]A07!V91+[12]A07!W91+[12]A32!AA55+[12]A32!AB55 -> 1 | AA22: ='1,6 CN'!AA22 -> 48 | AB22: =Z22/AA22 -> 0.020833333 | AC22: =[13]A07!V91+[13]A07!W91+[13]A32!AA55+[13]A32!AB55 -> 8 | AD22: ='1,6 CN'!AD22 -> 51 | AE22: =AC22/AD22 -> 0.15686275 | AF22: =[14]A07!V91+[14]A07!W91+[14]A32!AA55+[14]A32!AB55 -> 9 | AG22: ='1,6 CN'!AG22 -> 43 | AH22: =AF22/AG22 -> 0.20930233 | AK22: =+AI22/AJ22 -> #DIV/0! | AL22: =B22+E22+H22+K22+N22+Q22 -> 115 | AM22: =C22+F22+I22+L22+O22+R22 -> 626 | AN22: =IFERROR(AL22/AM22,"") -> 0.18370607 | AO22: =IF(AN22>18%,"1","0") -> 1 | AS22: >18%
A23: Infectología | B23: =[4]A07!S92+[4]A07!T92+[4]A32!X56+[4]A32!Y56 -> 0 | C23: ='1,6 CN'!C23 -> 0 | D23: =IFERROR(B23/C23,"") | E23: =[5]A07!S92+[5]A07!T92+[5]A32!X56+[5]A32!Y56 -> 0 | F23: ='1,6 CN'!F23 -> 0 | G23: =IFERROR(E23/F23,"") | H23: =[6]A07!S92+[6]A07!T92+[6]A32!X56+[6]A32!Y56 -> 0 | I23: ='1,6 CN'!I23 -> 0 | J23: =IFERROR(H23/I23,"") | K23: =[7]A07!S92+[7]A07!T92+[7]A32!X56+[7]A32!Y56 -> 0 | L23: ='1,6 CN'!L23 -> 0 | M23: =K23/L23 -> #DIV/0! | N23: =[8]A07!V92+[8]A07!W92+[8]A32!AA56+[8]A32!AB56 -> 0 | O23: ='1,6 CN'!O23 -> 0 | P23: =N23/O23 -> #DIV/0! | Q23: =[9]A07!V92+[9]A07!W92+[9]A32!AA56+[9]A32!AB56 -> 0 | R23: ='1,6 CN'!R23 -> 0 | S23: =Q23/R23 -> #DIV/0! | T23: =[10]A07!V92+[10]A07!W92+[10]A32!AA56+[10]A32!AB56 -> 0 | U23: ='1,6 CN'!U23 -> 0 | V23: =T23/U23 -> #DIV/0! | W23: =[11]A07!V92+[11]A07!W92+[11]A32!AA56+[11]A32!AB56 -> 0 | X23: ='1,6 CN'!X23 -> 0 | Y23: =W23/X23 -> #DIV/0! | Z23: =[12]A07!V92+[12]A07!W92+[12]A32!AA56+[12]A32!AB56 -> 0 | AA23: ='1,6 CN'!AA23 -> 0 | AB23: =Z23/AA23 -> #DIV/0! | AC23: =[13]A07!V92+[13]A07!W92+[13]A32!AA56+[13]A32!AB56 -> 0 | AD23: ='1,6 CN'!AD23 -> 0 | AE23: =AC23/AD23 -> #DIV/0! | AF23: =[14]A07!V92+[14]A07!W92+[14]A32!AA56+[14]A32!AB56 -> 0 | AG23: ='1,6 CN'!AG23 -> 0 | AH23: =AF23/AG23 -> #DIV/0! | AK23: =+AI23/AJ23 -> #DIV/0! | AL23: =B23+E23+H23+K23+N23+Q23 -> 0 | AM23: =C23+F23+I23+L23+O23+R23 -> 0 | AN23: =IFERROR(AL23/AM23,"")
A24: Inmunología | B24: =[4]A07!S93+[4]A07!T93+[4]A32!X57+[4]A32!Y57 -> 7 | C24: ='1,6 CN'!C24 -> 120 | D24: =IFERROR(B24/C24,"") -> 0.058333333 | E24: =[5]A07!S93+[5]A07!T93+[5]A32!X57+[5]A32!Y57 -> 4 | F24: ='1,6 CN'!F24 -> 119 | G24: =IFERROR(E24/F24,"") -> 0.033613445 | H24: =[6]A07!S93+[6]A07!T93+[6]A32!X57+[6]A32!Y57 -> 6 | I24: ='1,6 CN'!I24 -> 162 | J24: =IFERROR(H24/I24,"") -> 0.037037037 | K24: =[7]A07!S93+[7]A07!T93+[7]A32!X57+[7]A32!Y57 -> 7 | L24: ='1,6 CN'!L24 -> 141 | M24: =K24/L24 -> 0.04964539 | N24: =[8]A07!V93+[8]A07!W93+[8]A32!AA57+[8]A32!AB57 -> 19 | O24: ='1,6 CN'!O24 -> 146 | P24: =N24/O24 -> 0.13013699 | Q24: =[9]A07!V93+[9]A07!W93+[9]A32!AA57+[9]A32!AB57 -> 18 | R24: ='1,6 CN'!R24 -> 76 | S24: =Q24/R24 -> 0.23684211 | T24: =[10]A07!V93+[10]A07!W93+[10]A32!AA57+[10]A32!AB57 -> 18 | U24: ='1,6 CN'!U24 -> 67 | V24: =T24/U24 -> 0.26865672 | W24: =[11]A07!V93+[11]A07!W93+[11]A32!AA57+[11]A32!AB57 -> 26 | X24: ='1,6 CN'!X24 -> 119 | Y24: =W24/X24 -> 0.21848739 | Z24: =[12]A07!V93+[12]A07!W93+[12]A32!AA57+[12]A32!AB57 -> 19 | AA24: ='1,6 CN'!AA24 -> 147 | AB24: =Z24/AA24 -> 0.1292517 | AC24: =[13]A07!V93+[13]A07!W93+[13]A32!AA57+[13]A32!AB57 -> 15 | AD24: ='1,6 CN'!AD24 -> 134 | AE24: =AC24/AD24 -> 0.1119403 | AF24: =[14]A07!V93+[14]A07!W93+[14]A32!AA57+[14]A32!AB57 -> 13 | AG24: ='1,6 CN'!AG24 -> 130 | AH24: =AF24/AG24 -> 0.1 | AK24: =+AI24/AJ24 -> #DIV/0! | AL24: =B24+E24+H24+K24+N24+Q24 -> 61 | AM24: =C24+F24+I24+L24+O24+R24 -> 764 | AN24: =IFERROR(AL24/AM24,"") -> 0.079842932 | AO24: =IF(AN24>5%,"1","0") -> 1 | AS24: >5%
A25: Geriatría | B25: =[4]A07!S94+[4]A07!T94+[4]A32!X58+[4]A32!Y58 -> 0 | C25: ='1,6 CN'!C25 -> 0 | D25: =IFERROR(B25/C25,"") | E25: =[5]A07!S94+[5]A07!T94+[5]A32!X58+[5]A32!Y58 -> 0 | F25: ='1,6 CN'!F25 -> 0 | G25: =IFERROR(E25/F25,"") | H25: =[6]A07!S94+[6]A07!T94+[6]A32!X58+[6]A32!Y58 -> 0 | I25: ='1,6 CN'!I25 -> 0 | J25: =IFERROR(H25/I25,"") | K25: =[7]A07!S94+[7]A07!T94+[7]A32!X58+[7]A32!Y58 -> 0 | L25: ='1,6 CN'!L25 -> 0 | M25: =K25/L25 -> #DIV/0! | N25: =[8]A07!V94+[8]A07!W94+[8]A32!AA58+[8]A32!AB58 -> 0 | O25: ='1,6 CN'!O25 -> 0 | P25: =N25/O25 -> #DIV/0! | Q25: =[9]A07!V94+[9]A07!W94+[9]A32!AA58+[9]A32!AB58 -> 0 | R25: ='1,6 CN'!R25 -> 0 | S25: =Q25/R25 -> #DIV/0! | T25: =[10]A07!V94+[10]A07!W94+[10]A32!AA58+[10]A32!AB58 -> 0 | U25: ='1,6 CN'!U25 -> 0 | V25: =T25/U25 -> #DIV/0! | W25: =[11]A07!V94+[11]A07!W94+[11]A32!AA58+[11]A32!AB58 -> 0 | X25: ='1,6 CN'!X25 -> 0 | Y25: =W25/X25 -> #DIV/0! | Z25: =[12]A07!V94+[12]A07!W94+[12]A32!AA58+[12]A32!AB58 -> 0 | AA25: ='1,6 CN'!AA25 -> 0 | AB25: =Z25/AA25 -> #DIV/0! | AC25: =[13]A07!V94+[13]A07!W94+[13]A32!AA58+[13]A32!AB58 -> 0 | AD25: ='1,6 CN'!AD25 -> 0 | AE25: =AC25/AD25 -> #DIV/0! | AF25: =[14]A07!V94+[14]A07!W94+[14]A32!AA58+[14]A32!AB58 -> 0 | AG25: ='1,6 CN'!AG25 -> 0 | AH25: =AF25/AG25 -> #DIV/0! | AK25: =+AI25/AJ25 -> #DIV/0! | AL25: =B25+E25+H25+K25+N25+Q25 -> 0 | AM25: =C25+F25+I25+L25+O25+R25 -> 0 | AN25: =IFERROR(AL25/AM25,"")
A26: Medicina Física y Rehabilitación | B26: =[4]A07!S95+[4]A07!T95+[4]A32!X59+[4]A32!Y59 -> 0 | C26: ='1,6 CN'!C26 -> 0 | D26: =IFERROR(B26/C26,"") | E26: =[5]A07!S95+[5]A07!T95+[5]A32!X59+[5]A32!Y59 -> 0 | F26: ='1,6 CN'!F26 -> 0 | G26: =IFERROR(E26/F26,"") | H26: =[6]A07!S95+[6]A07!T95+[6]A32!X59+[6]A32!Y59 -> 0 | I26: ='1,6 CN'!I26 -> 0 | J26: =IFERROR(H26/I26,"") | K26: =[7]A07!S95+[7]A07!T95+[7]A32!X59+[7]A32!Y59 -> 0 | L26: ='1,6 CN'!L26 -> 0 | M26: =K26/L26 -> #DIV/0! | N26: =[8]A07!V95+[8]A07!W95+[8]A32!AA59+[8]A32!AB59 -> 0 | O26: ='1,6 CN'!O26 -> 0 | P26: =N26/O26 -> #DIV/0! | Q26: =[9]A07!V95+[9]A07!W95+[9]A32!AA59+[9]A32!AB59 -> 0 | R26: ='1,6 CN'!R26 -> 0 | S26: =Q26/R26 -> #DIV/0! | T26: =[10]A07!V95+[10]A07!W95+[10]A32!AA59+[10]A32!AB59 -> 0 | U26: ='1,6 CN'!U26 -> 0 | V26: =T26/U26 -> #DIV/0! | W26: =[11]A07!V95+[11]A07!W95+[11]A32!AA59+[11]A32!AB59 -> 0 | X26: ='1,6 CN'!X26 -> 0 | Y26: =W26/X26 -> #DIV/0! | Z26: =[12]A07!V95+[12]A07!W95+[12]A32!AA59+[12]A32!AB59 -> 0 | AA26: ='1,6 CN'!AA26 -> 0 | AB26: =Z26/AA26 -> #DIV/0! | AC26: =[13]A07!V95+[13]A07!W95+[13]A32!AA59+[13]A32!AB59 -> 0 | AD26: ='1,6 CN'!AD26 -> 0 | AE26: =AC26/AD26 -> #DIV/0! | AF26: =[14]A07!V95+[14]A07!W95+[14]A32!AA59+[14]A32!AB59 -> 0 | AG26: ='1,6 CN'!AG26 -> 0 | AH26: =AF26/AG26 -> #DIV/0! | AK26: =+AI26/AJ26 -> #DIV/0! | AL26: =B26+E26+H26+K26+N26+Q26 -> 0 | AM26: =C26+F26+I26+L26+O26+R26 -> 0 | AN26: =IFERROR(AL26/AM26,"")
A27: Medicina Reproductiva e Infertilidad | B27: =[4]A07!S96+[4]A07!T96+[4]A32!X60+[4]A32!Y60 -> 0 | C27: ='1,6 CN'!C27 -> 0 | D27: =IFERROR(B27/C27,"") | E27: =[5]A07!S96+[5]A07!T96+[5]A32!X60+[5]A32!Y60 -> 0 | F27: ='1,6 CN'!F27 -> 0 | G27: =IFERROR(E27/F27,"") | H27: =[6]A07!S96+[6]A07!T96+[6]A32!X60+[6]A32!Y60 -> 0 | I27: ='1,6 CN'!I27 -> 0 | J27: =IFERROR(H27/I27,"") | K27: =[7]A07!S96+[7]A07!T96+[7]A32!X60+[7]A32!Y60 -> 0 | L27: ='1,6 CN'!L27 -> 0 | M27: =K27/L27 -> #DIV/0! | N27: =[8]A07!V96+[8]A07!W96+[8]A32!AA60+[8]A32!AB60 -> 0 | O27: ='1,6 CN'!O27 -> 0 | P27: =N27/O27 -> #DIV/0! | Q27: =[9]A07!V96+[9]A07!W96+[9]A32!AA60+[9]A32!AB60 -> 0 | R27: ='1,6 CN'!R27 -> 0 | S27: =Q27/R27 -> #DIV/0! | T27: =[10]A07!V96+[10]A07!W96+[10]A32!AA60+[10]A32!AB60 -> 0 | U27: ='1,6 CN'!U27 -> 0 | V27: =T27/U27 -> #DIV/0! | W27: =[11]A07!V96+[11]A07!W96+[11]A32!AA60+[11]A32!AB60 -> 0 | X27: ='1,6 CN'!X27 -> 0 | Y27: =W27/X27 -> #DIV/0! | Z27: =[12]A07!V96+[12]A07!W96+[12]A32!AA60+[12]A32!AB60 -> 0 | AA27: ='1,6 CN'!AA27 -> 0 | AB27: =Z27/AA27 -> #DIV/0! | AC27: =[13]A07!V96+[13]A07!W96+[13]A32!AA60+[13]A32!AB60 -> 0 | AD27: ='1,6 CN'!AD27 -> 0 | AE27: =AC27/AD27 -> #DIV/0! | AF27: =[14]A07!V96+[14]A07!W96+[14]A32!AA60+[14]A32!AB60 -> 0 | AG27: ='1,6 CN'!AG27 -> 0 | AH27: =AF27/AG27 -> #DIV/0! | AK27: =+AI27/AJ27 -> #DIV/0! | AL27: =B27+E27+H27+K27+N27+Q27 -> 0 | AM27: =C27+F27+I27+L27+O27+R27 -> 0 | AN27: =IFERROR(AL27/AM27,"")
A28: Neurología Pediátrica | B28: =[4]A07!S97+[4]A07!T97+[4]A32!X61+[4]A32!Y61 -> 6 | C28: ='1,6 CN'!C28 -> 105 | D28: =IFERROR(B28/C28,"") -> 0.057142857 | E28: =[5]A07!S97+[5]A07!T97+[5]A32!X61+[5]A32!Y61 -> 4 | F28: ='1,6 CN'!F28 -> 66 | G28: =IFERROR(E28/F28,"") -> 0.060606061 | H28: =[6]A07!S97+[6]A07!T97+[6]A32!X61+[6]A32!Y61 -> 3 | I28: ='1,6 CN'!I28 -> 124 | J28: =IFERROR(H28/I28,"") -> 0.024193548 | K28: =[7]A07!S97+[7]A07!T97+[7]A32!X61+[7]A32!Y61 -> 2 | L28: ='1,6 CN'!L28 -> 103 | M28: =K28/L28 -> 0.019417476 | N28: =[8]A07!V97+[8]A07!W97+[8]A32!AA61+[8]A32!AB61 -> 28 | O28: ='1,6 CN'!O28 -> 108 | P28: =N28/O28 -> 0.25925926 | Q28: =[9]A07!V97+[9]A07!W97+[9]A32!AA61+[9]A32!AB61 -> 23 | R28: ='1,6 CN'!R28 -> 113 | S28: =Q28/R28 -> 0.20353982 | T28: =[10]A07!V97+[10]A07!W97+[10]A32!AA61+[10]A32!AB61 -> 21 | U28: ='1,6 CN'!U28 -> 66 | V28: =T28/U28 -> 0.31818182 | W28: =[11]A07!V97+[11]A07!W97+[11]A32!AA61+[11]A32!AB61 -> 42 | X28: ='1,6 CN'!X28 -> 128 | Y28: =W28/X28 -> 0.328125 | Z28: =[12]A07!V97+[12]A07!W97+[12]A32!AA61+[12]A32!AB61 -> 20 | AA28: ='1,6 CN'!AA28 -> 119 | AB28: =Z28/AA28 -> 0.16806723 | AC28: =[13]A07!V97+[13]A07!W97+[13]A32!AA61+[13]A32!AB61 -> 52 | AD28: ='1,6 CN'!AD28 -> 113 | AE28: =AC28/AD28 -> 0.46017699 | AF28: =[14]A07!V97+[14]A07!W97+[14]A32!AA61+[14]A32!AB61 -> 26 | AG28: ='1,6 CN'!AG28 -> 93 | AH28: =AF28/AG28 -> 0.27956989 | AK28: =+AI28/AJ28 -> #DIV/0! | AL28: =B28+E28+H28+K28+N28+Q28 -> 66 | AM28: =C28+F28+I28+L28+O28+R28 -> 619 | AN28: =IFERROR(AL28/AM28,"") -> 0.10662359 | AO28: =IF(AN28>10%,"1","0") -> 1 | AS28: >10%
A29: Neurología Adulto | B29: =[4]A07!S98+[4]A07!T98+[4]A32!X62+[4]A32!Y62 -> 18 | C29: ='1,6 CN'!C29 -> 260 | D29: =IFERROR(B29/C29,"") -> 0.069230769 | E29: =[5]A07!S98+[5]A07!T98+[5]A32!X62+[5]A32!Y62 -> 17 | F29: ='1,6 CN'!F29 -> 190 | G29: =IFERROR(E29/F29,"") -> 0.089473684 | H29: =[6]A07!S98+[6]A07!T98+[6]A32!X62+[6]A32!Y62 -> 9 | I29: ='1,6 CN'!I29 -> 145 | J29: =IFERROR(H29/I29,"") -> 0.062068966 | K29: =[7]A07!S98+[7]A07!T98+[7]A32!X62+[7]A32!Y62 -> 29 | L29: ='1,6 CN'!L29 -> 238 | M29: =K29/L29 -> 0.12184874 | N29: =[8]A07!V98+[8]A07!W98+[8]A32!AA62+[8]A32!AB62 -> 92 | O29: ='1,6 CN'!O29 -> 283 | P29: =N29/O29 -> 0.32508834 | Q29: =[9]A07!V98+[9]A07!W98+[9]A32!AA62+[9]A32!AB62 -> 88 | R29: ='1,6 CN'!R29 -> 350 | S29: =Q29/R29 -> 0.25142857 | T29: =[10]A07!V98+[10]A07!W98+[10]A32!AA62+[10]A32!AB62 -> 91 | U29: ='1,6 CN'!U29 -> 421 | V29: =T29/U29 -> 0.21615202 | W29: =[11]A07!V98+[11]A07!W98+[11]A32!AA62+[11]A32!AB62 -> 68 | X29: ='1,6 CN'!X29 -> 383 | Y29: =W29/X29 -> 0.17754569 | Z29: =[12]A07!V98+[12]A07!W98+[12]A32!AA62+[12]A32!AB62 -> 47 | AA29: ='1,6 CN'!AA29 -> 249 | AB29: =Z29/AA29 -> 0.18875502 | AC29: =[13]A07!V98+[13]A07!W98+[13]A32!AA62+[13]A32!AB62 -> 99 | AD29: ='1,6 CN'!AD29 -> 386 | AE29: =AC29/AD29 -> 0.25647668 | AF29: =[14]A07!V98+[14]A07!W98+[14]A32!AA62+[14]A32!AB62 -> 80 | AG29: ='1,6 CN'!AG29 -> 452 | AH29: =AF29/AG29 -> 0.17699115 | AK29: =+AI29/AJ29 -> #DIV/0! | AL29: =B29+E29+H29+K29+N29+Q29 -> 253 | AM29: =C29+F29+I29+L29+O29+R29 -> 1466 | AN29: =IFERROR(AL29/AM29,"") -> 0.17257844 | AO29: =IF(AN29>14%,"1","0") -> 1 | AS29: >14%
A30: Oncología Médica | B30: =[4]A07!S99+[4]A07!T99+[4]A32!X63+[4]A32!Y63 -> 0 | C30: ='1,6 CN'!C30 -> 0 | D30: =IFERROR(B30/C30,"") | E30: =[5]A07!S99+[5]A07!T99+[5]A32!X63+[5]A32!Y63 -> 0 | F30: ='1,6 CN'!F30 -> 0 | G30: =IFERROR(E30/F30,"") | H30: =[6]A07!S99+[6]A07!T99+[6]A32!X63+[6]A32!Y63 -> 0 | I30: ='1,6 CN'!I30 -> 0 | J30: =IFERROR(H30/I30,"") | K30: =[7]A07!S99+[7]A07!T99+[7]A32!X63+[7]A32!Y63 -> 0 | L30: ='1,6 CN'!L30 -> 0 | M30: =K30/L30 -> #DIV/0! | N30: =[8]A07!V99+[8]A07!W99+[8]A32!AA63+[8]A32!AB63 -> 0 | O30: ='1,6 CN'!O30 -> 0 | P30: =N30/O30 -> #DIV/0! | Q30: =[9]A07!V99+[9]A07!W99+[9]A32!AA63+[9]A32!AB63 -> 0 | R30: ='1,6 CN'!R30 -> 0 | S30: =Q30/R30 -> #DIV/0! | T30: =[10]A07!V99+[10]A07!W99+[10]A32!AA63+[10]A32!AB63 -> 0 | U30: ='1,6 CN'!U30 -> 0 | V30: =T30/U30 -> #DIV/0! | W30: =[11]A07!V99+[11]A07!W99+[11]A32!AA63+[11]A32!AB63 -> 0 | X30: ='1,6 CN'!X30 -> 0 | Y30: =W30/X30 -> #DIV/0! | Z30: =[12]A07!V99+[12]A07!W99+[12]A32!AA63+[12]A32!AB63 -> 0 | AA30: ='1,6 CN'!AA30 -> 0 | AB30: =Z30/AA30 -> #DIV/0! | AC30: =[13]A07!V99+[13]A07!W99+[13]A32!AA63+[13]A32!AB63 -> 0 | AD30: ='1,6 CN'!AD30 -> 0 | AE30: =AC30/AD30 -> #DIV/0! | AF30: =[14]A07!V99+[14]A07!W99+[14]A32!AA63+[14]A32!AB63 -> 0 | AG30: ='1,6 CN'!AG30 -> 0 | AH30: =AF30/AG30 -> #DIV/0! | AK30: =+AI30/AJ30 -> #DIV/0! | AL30: =B30+E30+H30+K30+N30+Q30 -> 0 | AM30: =C30+F30+I30+L30+O30+R30 -> 0 | AN30: =IFERROR(AL30/AM30,"")
A31: Psiquiatría Pediátrica y de La Adolescencia | B31: =[4]A07!S100+[4]A07!T100+[4]A32!X64+[4]A32!Y64 -> 21 | C31: ='1,6 CN'!C31 -> 317 | D31: =IFERROR(B31/C31,"") -> 0.066246057 | E31: =[5]A07!S100+[5]A07!T100+[5]A32!X64+[5]A32!Y64 -> 13 | F31: ='1,6 CN'!F31 -> 191 | G31: =IFERROR(E31/F31,"") -> 0.068062827 | H31: =[6]A07!S100+[6]A07!T100+[6]A32!X64+[6]A32!Y64 -> 37 | I31: ='1,6 CN'!I31 -> 288 | J31: =IFERROR(H31/I31,"") -> 0.12847222 | K31: =[7]A07!S100+[7]A07!T100+[7]A32!X64+[7]A32!Y64 -> 14 | L31: ='1,6 CN'!L31 -> 318 | M31: =K31/L31 -> 0.044025157 | N31: =[8]A07!V100+[8]A07!W100+[8]A32!AA64+[8]A32!AB64 -> 76 | O31: ='1,6 CN'!O31 -> 270 | P31: =N31/O31 -> 0.28148148 | Q31: =[9]A07!V100+[9]A07!W100+[9]A32!AA64+[9]A32!AB64 -> 94 | R31: ='1,6 CN'!R31 -> 242 | S31: =Q31/R31 -> 0.38842975 | T31: =[10]A07!V100+[10]A07!W100+[10]A32!AA64+[10]A32!AB64 -> 120 | U31: ='1,6 CN'!U31 -> 274 | V31: =T31/U31 -> 0.4379562 | W31: =[11]A07!V100+[11]A07!W100+[11]A32!AA64+[11]A32!AB64 -> 85 | X31: ='1,6 CN'!X31 -> 272 | Y31: =W31/X31 -> 0.3125 | Z31: =[12]A07!V100+[12]A07!W100+[12]A32!AA64+[12]A32!AB64 -> 86 | AA31: ='1,6 CN'!AA31 -> 239 | AB31: =Z31/AA31 -> 0.35983264 | AC31: =[13]A07!V100+[13]A07!W100+[13]A32!AA64+[13]A32!AB64 -> 123 | AD31: ='1,6 CN'!AD31 -> 312 | AE31: =AC31/AD31 -> 0.39423077 | AF31: =[14]A07!V100+[14]A07!W100+[14]A32!AA64+[14]A32!AB64 -> 103 | AG31: ='1,6 CN'!AG31 -> 271 | AH31: =AF31/AG31 -> 0.3800738 | AK31: =+AI31/AJ31 -> #DIV/0! | AL31: =B31+E31+H31+K31+N31+Q31 -> 255 | AM31: =C31+F31+I31+L31+O31+R31 -> 1626 | AN31: =IFERROR(AL31/AM31,"") -> 0.15682657 | AO31: =IF(AN31>10%,"1","0") -> 1 | AS31: >10%
A32: Psiquiatría Adulto | B32: =[4]A07!S101+[4]A07!T101+[4]A32!X65+[4]A32!Y65 -> 9 | C32: ='1,6 CN'!C32 -> 286 | D32: =IFERROR(B32/C32,"") -> 0.031468531 | E32: =[5]A07!S101+[5]A07!T101+[5]A32!X65+[5]A32!Y65 -> 6 | F32: ='1,6 CN'!F32 -> 196 | G32: =IFERROR(E32/F32,"") -> 0.030612245 | H32: =[6]A07!S101+[6]A07!T101+[6]A32!X65+[6]A32!Y65 -> 12 | I32: ='1,6 CN'!I32 -> 529 | J32: =IFERROR(H32/I32,"") -> 0.02268431 | K32: =[7]A07!S101+[7]A07!T101+[7]A32!X65+[7]A32!Y65 -> 10 | L32: ='1,6 CN'!L32 -> 506 | M32: =K32/L32 -> 0.019762846 | N32: =[8]A07!V101+[8]A07!W101+[8]A32!AA65+[8]A32!AB65 -> 78 | O32: ='1,6 CN'!O32 -> 376 | P32: =N32/O32 -> 0.20744681 | Q32: =[9]A07!V101+[9]A07!W101+[9]A32!AA65+[9]A32!AB65 -> 93 | R32: ='1,6 CN'!R32 -> 351 | S32: =Q32/R32 -> 0.26495726 | T32: =[10]A07!V101+[10]A07!W101+[10]A32!AA65+[10]A32!AB65 -> 140 | U32: ='1,6 CN'!U32 -> 445 | V32: =T32/U32 -> 0.31460674 | W32: =[11]A07!V101+[11]A07!W101+[11]A32!AA65+[11]A32!AB65 -> 125 | X32: ='1,6 CN'!X32 -> 426 | Y32: =W32/X32 -> 0.29342723 | Z32: =[12]A07!V101+[12]A07!W101+[12]A32!AA65+[12]A32!AB65 -> 123 | AA32: ='1,6 CN'!AA32 -> 380 | AB32: =Z32/AA32 -> 0.32368421 | AC32: =[13]A07!V101+[13]A07!W101+[13]A32!AA65+[13]A32!AB65 -> 158 | AD32: ='1,6 CN'!AD32 -> 435 | AE32: =AC32/AD32 -> 0.36321839 | AF32: =[14]A07!V101+[14]A07!W101+[14]A32!AA65+[14]A32!AB65 -> 139 | AG32: ='1,6 CN'!AG32 -> 378 | AH32: =AF32/AG32 -> 0.36772487 | AK32: =+AI32/AJ32 -> #DIV/0! | AL32: =B32+E32+H32+K32+N32+Q32 -> 208 | AM32: =C32+F32+I32+L32+O32+R32 -> 2244 | AN32: =IFERROR(AL32/AM32,"") -> 0.092691622 | AO32: =IF(AN32>10%,"1","0") -> 0 | AS32: >10%
A33: Cirugía Pediátrica | B33: =[4]A07!S102+[4]A07!T102+[4]A32!X66+[4]A32!Y66 -> 46 | C33: ='1,6 CN'!C33 -> 138 | D33: =IFERROR(B33/C33,"") -> 0.33333333 | E33: =[5]A07!S102+[5]A07!T102+[5]A32!X66+[5]A32!Y66 -> 35 | F33: ='1,6 CN'!F33 -> 130 | G33: =IFERROR(E33/F33,"") -> 0.26923077 | H33: =[6]A07!S102+[6]A07!T102+[6]A32!X66+[6]A32!Y66 -> 33 | I33: ='1,6 CN'!I33 -> 119 | J33: =IFERROR(H33/I33,"") -> 0.27731092 | K33: =[7]A07!S102+[7]A07!T102+[7]A32!X66+[7]A32!Y66 -> 67 | L33: ='1,6 CN'!L33 -> 207 | M33: =K33/L33 -> 0.3236715 | N33: =[8]A07!V102+[8]A07!W102+[8]A32!AA66+[8]A32!AB66 -> 14 | O33: ='1,6 CN'!O33 -> 118 | P33: =N33/O33 -> 0.11864407 | Q33: =[9]A07!V102+[9]A07!W102+[9]A32!AA66+[9]A32!AB66 -> 36 | R33: ='1,6 CN'!R33 -> 139 | S33: =Q33/R33 -> 0.25899281 | T33: =[10]A07!V102+[10]A07!W102+[10]A32!AA66+[10]A32!AB66 -> 23 | U33: ='1,6 CN'!U33 -> 133 | V33: =T33/U33 -> 0.17293233 | W33: =[11]A07!V102+[11]A07!W102+[11]A32!AA66+[11]A32!AB66 -> 13 | X33: ='1,6 CN'!X33 -> 126 | Y33: =W33/X33 -> 0.1031746 | Z33: =[12]A07!V102+[12]A07!W102+[12]A32!AA66+[12]A32!AB66 -> 25 | AA33: ='1,6 CN'!AA33 -> 119 | AB33: =Z33/AA33 -> 0.21008403 | AC33: =[13]A07!V102+[13]A07!W102+[13]A32!AA66+[13]A32!AB66 -> 21 | AD33: ='1,6 CN'!AD33 -> 166 | AE33: =AC33/AD33 -> 0.12650602 | AF33: =[14]A07!V102+[14]A07!W102+[14]A32!AA66+[14]A32!AB66 -> 19 | AG33: ='1,6 CN'!AG33 -> 119 | AH33: =AF33/AG33 -> 0.15966387 | AK33: =+AI33/AJ33 -> #DIV/0! | AL33: =B33+E33+H33+K33+N33+Q33 -> 231 | AM33: =C33+F33+I33+L33+O33+R33 -> 851 | AN33: =IFERROR(AL33/AM33,"") -> 0.27144536 | AO33: =IF(AN33>25%,"1","0") -> 1 | AS33: >25%
A34: Cirugía General | B34: =[4]A07!S103+[4]A07!T103+[4]A32!X67+[4]A32!Y67 -> 73 | C34: ='1,6 CN'!C34 -> 295 | D34: =IFERROR(B34/C34,"") -> 0.24745763 | E34: =[5]A07!S103+[5]A07!T103+[5]A32!X67+[5]A32!Y67 -> 82 | F34: ='1,6 CN'!F34 -> 233 | G34: =IFERROR(E34/F34,"") -> 0.35193133 | H34: =[6]A07!S103+[6]A07!T103+[6]A32!X67+[6]A32!Y67 -> 96 | I34: ='1,6 CN'!I34 -> 401 | J34: =IFERROR(H34/I34,"") -> 0.2394015 | K34: =[7]A07!S103+[7]A07!T103+[7]A32!X67+[7]A32!Y67 -> 62 | L34: ='1,6 CN'!L34 -> 326 | M34: =K34/L34 -> 0.19018405 | N34: =[8]A07!V103+[8]A07!W103+[8]A32!AA67+[8]A32!AB67 -> 30 | O34: ='1,6 CN'!O34 -> 311 | P34: =N34/O34 -> 0.096463023 | Q34: =[9]A07!V103+[9]A07!W103+[9]A32!AA67+[9]A32!AB67 -> 26 | R34: ='1,6 CN'!R34 -> 268 | S34: =Q34/R34 -> 0.097014925 | T34: =[10]A07!V103+[10]A07!W103+[10]A32!AA67+[10]A32!AB67 -> 33 | U34: ='1,6 CN'!U34 -> 361 | V34: =T34/U34 -> 0.091412742 | W34: =[11]A07!V103+[11]A07!W103+[11]A32!AA67+[11]A32!AB67 -> 63 | X34: ='1,6 CN'!X34 -> 260 | Y34: =W34/X34 -> 0.24230769 | Z34: =[12]A07!V103+[12]A07!W103+[12]A32!AA67+[12]A32!AB67 -> 54 | AA34: ='1,6 CN'!AA34 -> 280 | AB34: =Z34/AA34 -> 0.19285714 | AC34: =[13]A07!V103+[13]A07!W103+[13]A32!AA67+[13]A32!AB67 -> 42 | AD34: ='1,6 CN'!AD34 -> 235 | AE34: =AC34/AD34 -> 0.1787234 | AF34: =[14]A07!V103+[14]A07!W103+[14]A32!AA67+[14]A32!AB67 -> 15 | AG34: ='1,6 CN'!AG34 -> 275 | AH34: =AF34/AG34 -> 0.054545455 | AK34: =+AI34/AJ34 -> #DIV/0! | AL34: =B34+E34+H34+K34+N34+Q34 -> 369 | AM34: =C34+F34+I34+L34+O34+R34 -> 1834 | AN34: =IFERROR(AL34/AM34,"") -> 0.20119956 | AO34: =IF(AN34>18%,"1","0") -> 1 | AS34: >18%
A35: Cirugía Digestiva (Alta) | B35: =[4]A07!S104+[4]A07!T104+[4]A32!X68+[4]A32!Y68 -> 0 | C35: ='1,6 CN'!C35 -> 0 | D35: =IFERROR(B35/C35,"") | E35: =[5]A07!S104+[5]A07!T104+[5]A32!X68+[5]A32!Y68 -> 3 | F35: ='1,6 CN'!F35 -> 20 | G35: =IFERROR(E35/F35,"") -> 0.15 | H35: =[6]A07!S104+[6]A07!T104+[6]A32!X68+[6]A32!Y68 -> 4 | I35: ='1,6 CN'!I35 -> 30 | J35: =IFERROR(H35/I35,"") -> 0.13333333 | K35: =[7]A07!S104+[7]A07!T104+[7]A32!X68+[7]A32!Y68 -> 6 | L35: ='1,6 CN'!L35 -> 22 | M35: =K35/L35 -> 0.27272727 | N35: =[8]A07!V104+[8]A07!W104+[8]A32!AA68+[8]A32!AB68 -> 4 | O35: ='1,6 CN'!O35 -> 18 | P35: =N35/O35 -> 0.22222222 | Q35: =[9]A07!V104+[9]A07!W104+[9]A32!AA68+[9]A32!AB68 -> 0 | R35: ='1,6 CN'!R35 -> 42 | S35: =Q35/R35 -> 0 | T35: =[10]A07!V104+[10]A07!W104+[10]A32!AA68+[10]A32!AB68 -> 1 | U35: ='1,6 CN'!U35 -> 33 | V35: =T35/U35 -> 0.03030303 | W35: =[11]A07!V104+[11]A07!W104+[11]A32!AA68+[11]A32!AB68 -> 3 | X35: ='1,6 CN'!X35 -> 28 | Y35: =W35/X35 -> 0.10714286 | Z35: =[12]A07!V104+[12]A07!W104+[12]A32!AA68+[12]A32!AB68 -> 2 | AA35: ='1,6 CN'!AA35 -> 30 | AB35: =Z35/AA35 -> 0.066666667 | AC35: =[13]A07!V104+[13]A07!W104+[13]A32!AA68+[13]A32!AB68 -> 0 | AD35: ='1,6 CN'!AD35 -> 22 | AE35: =AC35/AD35 -> 0 | AF35: =[14]A07!V104+[14]A07!W104+[14]A32!AA68+[14]A32!AB68 -> 3 | AG35: ='1,6 CN'!AG35 -> 17 | AH35: =AF35/AG35 -> 0.17647059 | AK35: =+AI35/AJ35 -> #DIV/0! | AL35: =B35+E35+H35+K35+N35+Q35 -> 17 | AM35: =C35+F35+I35+L35+O35+R35 -> 132 | AN35: =IFERROR(AL35/AM35,"") -> 0.12878788 | AO35: =IF(AN35>18%,"1","0") -> 0 | AS35: >18%
A36: Cirugía de Cabeza, Cuello y Maxilofacial | B36: =[4]A07!S105+[4]A07!T105+[4]A32!X69+[4]A32!Y69 -> 0 | C36: ='1,6 CN'!C36 -> 0 | D36: =IFERROR(B36/C36,"") | E36: =[5]A07!S105+[5]A07!T105+[5]A32!X69+[5]A32!Y69 -> 0 | F36: ='1,6 CN'!F36 -> 0 | G36: =IFERROR(E36/F36,"") | H36: =[6]A07!S105+[6]A07!T105+[6]A32!X69+[6]A32!Y69 -> 0 | I36: ='1,6 CN'!I36 -> 0 | J36: =IFERROR(H36/I36,"") | K36: =[7]A07!S105+[7]A07!T105+[7]A32!X69+[7]A32!Y69 -> 0 | L36: ='1,6 CN'!L36 -> 0 | M36: =K36/L36 -> #DIV/0! | N36: =[8]A07!V105+[8]A07!W105+[8]A32!AA69+[8]A32!AB69 -> 0 | O36: ='1,6 CN'!O36 -> 0 | P36: =N36/O36 -> #DIV/0! | Q36: =[9]A07!V105+[9]A07!W105+[9]A32!AA69+[9]A32!AB69 -> 0 | R36: ='1,6 CN'!R36 -> 0 | S36: =Q36/R36 -> #DIV/0! | T36: =[10]A07!V105+[10]A07!W105+[10]A32!AA69+[10]A32!AB69 -> 0 | U36: ='1,6 CN'!U36 -> 0 | V36: =T36/U36 -> #DIV/0! | W36: =[11]A07!V105+[11]A07!W105+[11]A32!AA69+[11]A32!AB69 -> 0 | X36: ='1,6 CN'!X36 -> 0 | Y36: =W36/X36 -> #DIV/0! | Z36: =[12]A07!V105+[12]A07!W105+[12]A32!AA69+[12]A32!AB69 -> 0 | AA36: ='1,6 CN'!AA36 -> 0 | AB36: =Z36/AA36 -> #DIV/0! | AC36: =[13]A07!V105+[13]A07!W105+[13]A32!AA69+[13]A32!AB69 -> 0 | AD36: ='1,6 CN'!AD36 -> 0 | AE36: =AC36/AD36 -> #DIV/0! | AF36: =[14]A07!V105+[14]A07!W105+[14]A32!AA69+[14]A32!AB69 -> 0 | AG36: ='1,6 CN'!AG36 -> 0 | AH36: =AF36/AG36 -> #DIV/0! | AK36: =+AI36/AJ36 -> #DIV/0! | AL36: =B36+E36+H36+K36+N36+Q36 -> 0 | AM36: =C36+F36+I36+L36+O36+R36 -> 0 | AN36: =IFERROR(AL36/AM36,"")
A37: Cirugía Plástica y Reparadora | B37: =[4]A07!S106+[4]A07!T106+[4]A32!X70+[4]A32!Y70 -> 0 | C37: ='1,6 CN'!C37 -> 0 | D37: =IFERROR(B37/C37,"") | E37: =[5]A07!S106+[5]A07!T106+[5]A32!X70+[5]A32!Y70 -> 0 | F37: ='1,6 CN'!F37 -> 0 | G37: =IFERROR(E37/F37,"") | H37: =[6]A07!S106+[6]A07!T106+[6]A32!X70+[6]A32!Y70 -> 0 | I37: ='1,6 CN'!I37 -> 0 | J37: =IFERROR(H37/I37,"") | K37: =[7]A07!S106+[7]A07!T106+[7]A32!X70+[7]A32!Y70 -> 0 | L37: ='1,6 CN'!L37 -> 0 | M37: =K37/L37 -> #DIV/0! | N37: =[8]A07!V106+[8]A07!W106+[8]A32!AA70+[8]A32!AB70 -> 0 | O37: ='1,6 CN'!O37 -> 0 | P37: =N37/O37 -> #DIV/0! | Q37: =[9]A07!V106+[9]A07!W106+[9]A32!AA70+[9]A32!AB70 -> 3 | R37: ='1,6 CN'!R37 -> 0 | S37: =Q37/R37 -> #DIV/0! | T37: =[10]A07!V106+[10]A07!W106+[10]A32!AA70+[10]A32!AB70 -> 0 | U37: ='1,6 CN'!U37 -> 0 | V37: =T37/U37 -> #DIV/0! | W37: =[11]A07!V106+[11]A07!W106+[11]A32!AA70+[11]A32!AB70 -> 0 | X37: ='1,6 CN'!X37 -> 0 | Y37: =W37/X37 -> #DIV/0! | Z37: =[12]A07!V106+[12]A07!W106+[12]A32!AA70+[12]A32!AB70 -> 0 | AA37: ='1,6 CN'!AA37 -> 0 | AB37: =Z37/AA37 -> #DIV/0! | AC37: =[13]A07!V106+[13]A07!W106+[13]A32!AA70+[13]A32!AB70 -> 0 | AD37: ='1,6 CN'!AD37 -> 0 | AE37: =AC37/AD37 -> #DIV/0! | AF37: =[14]A07!V106+[14]A07!W106+[14]A32!AA70+[14]A32!AB70 -> 0 | AG37: ='1,6 CN'!AG37 -> 0 | AH37: =AF37/AG37 -> #DIV/0! | AK37: =+AI37/AJ37 -> #DIV/0! | AL37: =B37+E37+H37+K37+N37+Q37 -> 3 | AM37: =C37+F37+I37+L37+O37+R37 -> 0 | AN37: =IFERROR(AL37/AM37,"")
A38: Medicina del Deporte | B38: =[4]A07!S107+[4]A07!T107+[4]A32!X71+[4]A32!Y71 -> 0 | C38: ='1,6 CN'!C38 -> 0 | D38: =IFERROR(B38/C38,"") | E38: =[5]A07!S107+[5]A07!T107+[5]A32!X71+[5]A32!Y71 -> 0 | F38: ='1,6 CN'!F38 -> 0 | G38: =IFERROR(E38/F38,"") | H38: =[6]A07!S107+[6]A07!T107+[6]A32!X71+[6]A32!Y71 -> 0 | I38: ='1,6 CN'!I38 -> 0 | J38: =IFERROR(H38/I38,"") | K38: =[7]A07!S107+[7]A07!T107+[7]A32!X71+[7]A32!Y71 -> 0 | L38: ='1,6 CN'!L38 -> 0 | M38: =K38/L38 -> #DIV/0! | N38: =[8]A07!V107+[8]A07!W107+[8]A32!AA71+[8]A32!AB71 -> 0 | O38: ='1,6 CN'!O38 -> 0 | P38: =N38/O38 -> #DIV/0! | Q38: =[9]A07!V107+[9]A07!W107+[9]A32!AA71+[9]A32!AB71 -> 0 | R38: ='1,6 CN'!R38 -> 0 | S38: =Q38/R38 -> #DIV/0! | T38: =[10]A07!V107+[10]A07!W107+[10]A32!AA71+[10]A32!AB71 -> 0 | U38: ='1,6 CN'!U38 -> 0 | V38: =T38/U38 -> #DIV/0! | W38: =[11]A07!V107+[11]A07!W107+[11]A32!AA71+[11]A32!AB71 -> 0 | X38: ='1,6 CN'!X38 -> 0 | Y38: =W38/X38 -> #DIV/0! | Z38: =[12]A07!V107+[12]A07!W107+[12]A32!AA71+[12]A32!AB71 -> 0 | AA38: ='1,6 CN'!AA38 -> 0 | AB38: =Z38/AA38 -> #DIV/0! | AC38: =[13]A07!V107+[13]A07!W107+[13]A32!AA71+[13]A32!AB71 -> 0 | AD38: ='1,6 CN'!AD38 -> 0 | AE38: =AC38/AD38 -> #DIV/0! | AF38: =[14]A07!V107+[14]A07!W107+[14]A32!AA71+[14]A32!AB71 -> 0 | AG38: ='1,6 CN'!AG38 -> 0 | AH38: =AF38/AG38 -> #DIV/0! | AK38: =+AI38/AJ38 -> #DIV/0! | AL38: =B38+E38+H38+K38+N38+Q38 -> 0 | AM38: =C38+F38+I38+L38+O38+R38 -> 0 | AN38: =IFERROR(AL38/AM38,"")
